234970624,"大家好～我們是藝文展演服務課程的學生，想和大家介紹推廣《2020西灣表演藝術季》12月的特別主題！

🔆西灣表演藝術季在12月份迎來了《台灣國際女性影展-中山大學場》
一共有三場，連續三天的主題場次，分別為：
▶️12/16台灣競賽短片：《幽魂之境》、《大冒險鐵路》
▶️12/17焦點導演作品：《漫長的告別》
▶️12/18酷兒經典長片：《奧利維亞》

地點：中山大學 國際研究大樓1F階梯教室(三場放映皆在此)
詳細時間資訊請參閱以下報名表單

活動由中山大學電影社主辦，在這個女權議題蓬勃發展的時代，期望透過校內小型影展，使性別平等議題能夠更受討論與重視，而12/16、18兩天映後更分別有配樂師及影評人出席座談，精彩的主題希望大家絕不要錯過！

❗️報名表單：
https://forms.gle/oHumcsn8WhTffH8G7


➡️中山大學電影社粉專：
https://www.facebook.com/nsysufilmclub/

➡️台灣國際女性影展粉專：
https://www.facebook.com/wmwff/

➡️台灣國際女性影展官網：
http://www.wmw.org.tw",12月藝文展演活動《臺灣國際女性影展》,2020-12-12T17:11:22.029Z,2020-12-12T17:12:29.375Z,2,3,F
234970264,"他媽的又是你們 一群猴子半夜亂叫是殺小 從10點多就開始吵了 都不用睡覺是不是 你們不要睡就滾回山上 不要下來作亂 特別是樓梯間講英文的智障
請滾好嗎",武四3樓,2020-12-12T16:11:11.033Z,2020-12-12T16:11:11.033Z,8,1,M
234969134,今日九點半會有一個小小的團聚活動，若音量過大到影響到武四的各位，請馬上在通知我們或在留言處告訴我們，我們會馬上改進。結束後我們也會負責好環境清潔。 請見諒,武四自煮空間,2020-12-12T13:12:42.218Z,2020-12-12T13:12:42.218Z,6,0,M
234967467,"安安大家
小妹我跟朋友想參加 2021 的 ATCC 商業大賽
https://i.imgur.com/6SeKSAR.png
我們還缺幾個隊友
想問有興趣的各位~ 可以幫我填個表單嗎？
收到回覆後會聯絡你們！感恩的心
⏩https://docs.google.com/forms/d/e/1FAIpQLSePjtfbOIdtk9qfI5mDkn_cLI4PFhOtfAEPu-tose769AvyCw/viewform",［ATCC 徵隊友］2021 跟我們一起去比賽啦,2020-12-12T07:20:33.238Z,2020-12-12T07:20:33.238Z,2,3,F
234965098,"最近真的很過分欸
半夜不睡覺不要影響別人好嗎
是在跳舞還是怎樣 
隔著一層都能聽到你們聲音",翠亨A四樓男生唱夠了沒！？？震夠了沒？！！,2020-12-11T17:32:58.794Z,2020-12-11T17:32:58.794Z,8,2,F
234963739,"有沒有人能邀一下，自己一個人玩好邊緣，佛系玩家想找人一起團戰
(之前那篇的群組連結點不進去了QAQ",寶可夢群組,2020-12-11T14:14:34.511Z,2020-12-11T14:14:34.511Z,5,0,M
234963325,"學長姐學弟妹們好～
請幫忙點進文章
按底下留言的b10 一顆小愛心💗
幫幫同校同學(⁎⁍̴̛ᴗ⁍̴̛⁎)

祝福各位好心人期末all pass
永遠不會被猴子攻擊🐒",一人一愛心 幫幫同校同學,2020-12-11T13:05:52.237Z,2020-12-11T13:11:22.290Z,5,2,F
234957093,請問各位前輩 小弟想請問電工三（數位）的術試和筆試會怎麼考呢？該怎麼準備比較好～是把上課用到的code都看懂這樣嗎？,電工實驗（三）,2020-12-10T14:11:25.035Z,2020-12-10T14:11:25.035Z,7,1,M
234956830,"台北信義區4級，如果我剛好跟女友在101頂樓親親抱抱摸摸喇雞看夜景，那不就震的很厲害？


％％％剛剛的地震",台北地震4級,2020-12-10T13:34:44.427Z,2020-12-10T13:35:41.589Z,4,5,M
234955614,"各位同學題目不會都怎麼做？下課時間好短也不一定問的到老師
可以帶題目去問助教嗎？還是助教只負責點名",題目不會,2020-12-10T10:47:43.828Z,2020-12-10T10:47:43.828Z,4,0,M
234954765,"以為未來工作比較好找就選了資工系

結果進來才發現別人都怪物

很多高中就學過 啊不然就出去補過

雖然其他科成績還可以 但程設就是贏不了

整天都在懷疑自己唸錯系 

有沒有學長程式都沒學過就進來的

可以分享一下嗎😞",資工是不是真的看天份啊⋯⋯,2020-12-10T08:20:52.745Z,2020-12-10T08:20:52.745Z,26,8,M
234953996,如題，寒假可以換室友嗎？室友都太早睡了，想要找個晚睡而且會玩激鬥峽谷的,寒假換室友,2020-12-10T06:03:36.295Z,2020-12-10T06:03:36.295Z,2,1,M
234953614,"今天看到山海樓那邊有賣餅乾
以前有買過 想說期中完吃一些
餅乾樣子跟名稱跟以前差不多 但名字不一樣
今天那邊寫價格一片約9~12元（秤重計價
平均一片約10~11元
以前買10片100 價格差不多
結果剛秤10片130
一臉矇逼
問了下價格 今天的攤名字叫蘋果貓
賣的人說60元/100g
之前餅乾攤是馥奇
45元/100g
查了一下google
馥奇的商標跟今天蘋果貓一樣
於是又跑回去問之間有無關聯
他們說他們老闆之前也是馥奇的
但後來出來自己做
還有馥奇是用酥油 他們是用奶油
但我吃起來感覺味道沒啥變化

=============
打到這邊只是想抒發一下心情
吃起來感覺差不多 餅乾大小跟重量差不多
但價格卻有差 而且攤販樣子跟款式感覺跟以前馥奇也很像
只是想提醒一下價格不一樣",餅乾,2020-12-10T04:56:26.119Z,2020-12-10T04:56:26.119Z,4,4,M
234953151,"Hi 
終於來更新了
看來條件三、四應該是沒什麼機會達成了
就維持原數量
而發放相關事項就放後面一點
先幫大家更新一下厲害的學弟

------------>八卦<------------
儘管新聞有出來，但是依然無結果
https://news.ltn.com.tw/news/life/breakingnews/3361232?fbclid=IwAR1Xp_NoqOxaNZu1H7XC94ZexefJC_TsBgyQ_pVCFXqesX3N8eT2emEjczc

論文相關的過度參考說法
經圖資的論文資料庫比對
https://i.imgur.com/eIrMe5z.jpg
只看目錄而言
可以說是完全趴著讓學長扛到畢業
好好比對一下
第二章拼拼湊湊的內容太破碎
很難讓人不起疑
第三章應該是一秒就寫完
第四章模擬結果就不容易確認內容
不過我想也不是那麼重要
壅塞目錄只提到過一次
應該是湊到失去主軸了吧
不過，這只是目錄內容
內文還是有點機會相當實在拉~

於是我們直接反映給論文小組
https://i.imgur.com/tCHfhWf.jpg
求證口試時間跟繳交時間的差異是正常的
但是過度參考的部分
僅得到個罐頭回復
由此可知其實抄的這部分，管得還是很鬆
而這種吃實驗室老本的論文
尤其這種吃好吃滿的
就看各位怎麼想了

只剩下學位口試偽造的那段風聲
以及家長來護航那一段求證不了
大家信的就信，可能就僅是八卦
另外補充下面這張圖
https://i.imgur.com/77VYDFY.jpg
該系所事後新增學位考試規定
拿這張圖當範例
細部還是有些線索拉
總不會平白無故被當範例吧?
留給大家自行想像

------------>心得<-------------

其實
要出來Highlight這件事也蠻花時間
要不是事主做人太成功
也沒有人想出來補個幾腳

很多在學校的系上學弟妹們
討論這件事許久
卻多半沒發什麼聲讓外界知道
多半怕被查水表，尤其已簽賣身契的碩班
怕當提出問題的人，一下子就被解決了
也是無奈

沒意外這件事應該就這樣落幕，和諧了
僅希望看到的人
如果他以後去當你同事
請做好接黑鍋的準備
要調到你單位，快舉雙手反對
祝大家畢業後，職場事事順利，小人退散

-------->發放相關<----------

發放時間: 
12/14 (一) 19:30，比預計提早一天

發放地點:
暫定隧道口外側，會標明起點
不要太早排隊阿~注意隧道用路人
希望發得完

到時候會有位可愛的朋友準時出現
穿著比較奇特，大家應該會注意到

目的一開始算是送暖給學弟妹們
因此，領取的時候記得show一下學生證
不限系所，認證認人，一人一份

應該就這樣，有不清楚或不適合會再補述或更改，注意更新
大家早點領完，讓幫忙的人早點離開",學弟雞排，發放相關,2020-12-10T03:36:32.657Z,2020-12-10T03:38:34.449Z,19,85,M
234953126,"想問一下各位 下禮拜英文中級好像有OOPT測驗

這個測驗對成績會有什麼影響嗎 若沒去考會不會怎樣

聽說分數好像到多少就可以直接過英文畢業門檻？

但我好像用其他方法過了 

想問這個考試對我們有沒有什麼影響 謝謝各位",關於英文中級的OOPT,2020-12-10T03:31:48.936Z,2020-12-10T03:31:48.936Z,3,0,M
234951436,今天去聽完黃豪平的脫口秀～學生會是不是終於開始動了啊，這一屆活動都辦的不錯之前似乎也推了交通的問題，小弟待中山也幾年了第一次感覺到學生會的存在，感覺這才是一個學生會該有的樣子，但還是希望不是這屆曇花一現啦～知道你們好像有在看，你們辛苦了！,這屆學生會是不是有動,2020-12-09T16:53:57.087Z,2020-12-09T16:53:57.087Z,17,24,M
234947439,"幹
體育課用到舊健身房
是他媽的不會先告知嗎
在大小事發個文也可以
讓人白跑一趟很爽逆",靠北體育老師 言午秀木兆,2020-12-09T06:25:59.913Z,2020-12-09T06:25:59.913Z,12,11,M
234944895,"請問學長姐
寒假的時候東西要搬走嗎？
有人說要搬 也有人說不用😥
上網查過但是宿服中心的臉書也沒說清楚

感謝回答🙏",寒假東西要搬走嗎,2020-12-08T16:40:42.583Z,2020-12-08T16:40:42.583Z,9,8,F
234944856,"https://i.imgur.com/Y43C3eh.jpg
麻煩那位公主洗澡完把衛生棉帶走可以嗎？
垃圾桶就在十步以內的距離，走去丟很困難嗎？
我朋友已經丟過很多次留下的衛生棉了",H棟某公主,2020-12-08T16:35:02.988Z,2020-12-08T16:35:02.988Z,7,4,F
234943510,最近溫度明明就蠻低了，室友還是硬要開冷氣。想問問其他寢室還有人在開冷氣嗎？,還有人在開冷氣嗎？,2020-12-08T13:32:31.445Z,2020-12-08T13:32:31.445Z,21,0,M
234942281,今天剛拔完牙齒，醫生建議我吃軟的東西...,有那裡在單賣薯泥沙拉或蛋沙拉嗎,2020-12-08T10:14:16.066Z,2020-12-08T10:14:16.066Z,9,0,M
234940438,"靠北中山小編是不是確診ㄌ
已經三天沒有更新了ㄟ

阿我沒有惡意啦 好奇一下而已
小編不要在底下留言開戰ㄛ 3Q",靠北中山？,2020-12-08T04:42:03.917Z,2020-12-08T04:42:03.917Z,4,5,M
234940217,請問有人去鹽埕這家診所看過嗎？雖然裡面的醫生是家醫科 但也有寫主治青春痘 因為最近皮膚又變差想去那邊看看青春痘 有看過的水水們推薦嗎,康德得診所,2020-12-08T03:53:24.108Z,2020-12-08T03:53:24.108Z,3,1,M
234939193,"想詢問這裡有沒有學長姐參與過往年的鹽夏不夜埕的活動！
今天在臉書看到
https://i.imgur.com/xVgGgsZ.jpg

想請問有人待過這個團隊嗎？
這裡面大概是在做什麼？
一定要有某項具體才能才有機會入選嗎？
因為不能參加週五的說明會所以想說來這裡詢問看看😭😭
謝謝大家！",關於鹽夏不夜埕,2020-12-07T19:15:58.207Z,2020-12-07T19:15:58.207Z,11,4,F
234938010,12/7 晚上11點 坐在武四4418外面的女生好正  缺愛嗎,武四有好多女生,2020-12-07T15:31:55.977Z,2020-12-07T15:32:26.257Z,20,7,M
234935396,"可悲

一二三四五六七八九十十一十二",武四二樓政經系,2020-12-07T08:00:14.569Z,2020-12-07T08:00:14.569Z,8,1,M
234934550,"蜜蜜後天要考線代
好煩喔ㄇㄇㄅ",姆咪...,2020-12-07T05:28:19.796Z,2020-12-07T05:31:30.594Z,16,3,M
234933735,"哈囉大家好～～我們是藝文展演服務課程對學生，想和大家介紹有關這個月藝文中心演出的相關資訊～～

ℹ️《六人組》
☑️時間：12/18(五) 19：30
☑️地點：衛武營國家藝術文化表演廳
☑️購票資訊：請洽07-5250221

巴洛克獨奏家樂團藝術總監李美文，攜手樂團首席，完美黃金陣容，細膩演繹蕭頌（Ernest Chausson）難得珍貴的《Ｄ大調為小提琴、鋼琴與弦樂四重奏協奏曲，作品二十一》，這首罕見的協奏曲於1892年在比利時由以沙易擔綱首演後便大獲成功，是少數蕭頌在世時便廣為周知的名曲。其中的第二樂章西西里舞曲，其淡淡憂鬱且美麗的旋律彷彿無言歌，澎湃的情感與抒情性格正是與恩師法朗克一脈相承，而美妙韻致更被作曲家丹第譽為「彷彿走進佛瑞的庭園中」。此曲雖名為協奏曲，但卻更像是六重奏，華麗中帶了點奇異的氣氛，歡迎大家一同來體驗！！",12月藝文展演活動《六人組》🎻,2020-12-07T02:51:07.727Z,2020-12-07T02:51:07.727Z,1,5,F
234931044,"晚上和一個女生差不多時間都到社科院站要停車，只剩一個位置

忘了說 謝謝妮讓的位子 
看起來妳應該是要去海院停車吧（？）",u bike還車？,2020-12-06T13:57:16.010Z,2020-12-06T13:57:16.010Z,3,1,M
234930904,"8＋9＝17
問君能有幾多愁 恰似一群八九跳陣頭
剛剛還打群架勒：）
那麼窄的路放鞭炮是打算燒房子嗎＝＝感覺都要炸到房子了
https://i.imgur.com/uwlDzci.jpg",17直播,2020-12-06T13:34:53.227Z,2020-12-06T13:35:37.271Z,9,17,M
234929285,"如題 最近想幫車子加個12v點煙器插座
不是拉電瓶 是走電門可以關掉的那種
可是對機車電系不懂 要自己鑽孔也是怕怕的
想說拿去給店家改比較放心
學校附近或高雄 各位有沒有推的店家能幫改
自己備料的也行",學校附近有能改機車車充的車行嗎,2020-12-06T08:18:09.640Z,2020-12-06T08:18:42.943Z,4,3,M
234929167,"一天斷2.3次是基本
學校都知道這學期比以前還多學生反映宿網問題
還完全沒有要處理
只說耳朵很癢然後呢
有要改嗎？
跟以前一樣就好了
有那麼難嗎？
設定固定ip一年或或兩年設定一次 有設定困難的人再怎麼爛1天內也能設好
就為了怕浪費少數電腦白痴一天時間
乾脆浪費所有人每天一起網速緩慢和斷網又重新連網的時間
真的很會“省”時間🙃",h棟宿網又掛了ㄇ,2020-12-06T07:53:52.364Z,2020-12-06T07:53:52.364Z,1,7,F
234928226,"好像都是醬油炒飯居多，像鼓山紹興超炒飯、大木炒飯之類的

有沒有推薦的椒鹽炒飯呢？我目前知道的只有香港發財小館，不過一盤要110真的有點貴..",學校附近的炒飯,2020-12-06T04:18:09.399Z,2020-12-06T04:18:09.399Z,7,5,M
234925800,"哈囉大家好我們是藝文展演服務課程的學生！
我們要來推廣12月的藝文活動🌝

🎼12/21 天狼星口琴樂團｜《舌尖上的音符》
‼️本場次同步認證大學之道‼️

🙋🏻‍♀️：欸欸！你知道大眾樂器之王是什麼樂器嗎？
：蛤我沒聽說過ㄟ⋯是什麼啊？
🙋🏻‍♀️：就是「口琴」啊！這次中山特別邀請到超～級厲害的口琴樂團來學校演出耶！而且而且，團裡還有本校通訊所的陳彥銘教授，他負責演奏和弦口琴哦～
：哇真的假的！聽起來感覺很厲害欸！
🙋🏻‍♀️：是吧是吧～那要不要一起去感受一下大眾樂器之王的魅力啊～٩(˃̶͈̀௰˂̶͈́)و

一直以來，大眾對於口琴的印象仍停留在只能演繹老歌、古調等風格，然而這次天狼星口琴樂團將以口琴五重奏與六重奏的形式重新演繹古典、爵士、流行與探戈等不同的音樂風格，同時佐以台灣鄉土歌謠改編的樂曲穿插其中。藉由融合多元曲風，希望帶領大眾一起見證口琴的翻轉魅力！🎶✨

【節目資訊ℹ️】
地點：國立中山大學逸仙館
時間：12/21（一）19:00～20:30

【索票資訊🎫】
📍時間：12/8（二）開放索票，索票時間為9:00-12:00，13:30-16:30
📍索票方式：
1. 上班日打電話：於該場次索票開放時間，電洽07-5252000*2715專人協助您預約票券，開演前半小時現場領票
2. 親自索票：於該場次索票開放時間，親自到逸仙館門口索取",12月藝文展演活動《舌尖上的音符🎶》,2020-12-05T14:40:43.570Z,2020-12-07T02:47:53.935Z,6,5,F
234924534,小考的範圍到哪啊，有同學能解答一下嗎。,想問 通訊系統小考,2020-12-05T10:44:18.278Z,2020-12-05T10:44:18.278Z,9,0,M
234924236,"本人很愛吃鹽水雞
但是在學校附近還有鹽埕逛那麼久，除了廟口鹽水雞，好像沒看到其他家

如果有人有知道其他家拜託推薦一下QQ",有其他家鹽水雞嗎,2020-12-05T09:34:08.063Z,2020-12-05T09:34:08.063Z,8,2,M
234922929,"中山有沒有女生能陪小妹一起呼吸一下呢
或是男生也可以 每次都要躲躲藏藏的又沒有人一起😭",找一起呼吸的豪夥伴,2020-12-05T04:12:51.186Z,2020-12-05T04:12:51.186Z,24,4,F
234922363,"經濟一乙line班群怎麼一堆猴子🐒 - Dcard
https://www.dcard.tw/f/fju/p/234919455?cid=1aa6e7fa-9310-41b1-bad0-eb6058665cb2",自以為是的猴子？？,2020-12-05T00:25:33.622Z,2020-12-05T00:25:33.622Z,2,33,M
234921440,"幫打廣告一下！！
九舞摯樽 𝕎𝕀ℕ𝔼 ℕ𝕀ℕ𝔼 ℙ𝔸ℝ𝕋𝕐

九---高師九系系學會 
舞---與音樂氛圍舞動
摯---親密緊密的友人
樽---增添氣氛的酒水

高師九系系學會聯合舉辦的耶誕校園演唱會

高師前所未有
走出校園
與外界合作
只為帶給參與者在2020尾聲有個不同以往的回憶

專屬於年輕人的青春活力
專屬於年輕人的美好邂逅
專屬於年輕人的耶誕派對!!!

相關資訊可以到九舞摯樽網站看看喔~~~
有問題加入LINE私訊小編
即有專人為您服務~~~
https://nknuwinenineparty.weebly.com/

活動內容

酒水點心助陣
遊戲攤位熱場
配對臉紅奇遇
獎品多樣驚喜
藝人熱鬧主持
歌手嗨翻全場
藝人陣容：
主持人：焦凡凡
歌手:婁峻碩、呂士軒、Allyson、陳忻玥、屁孩、G22

活動資訊
2020/12/11(五)  18:00(入場) 
18:30~21:00
活動地點：高雄SPERO
活動地址：高雄市苓雅區海邊路15-3號

九舞摯樽
誠摯邀請您一同參與！
為因應政府政策
‼️入場須配戴口罩以及酒精消毒 ‼️

⚠️本活動有提供酒精飲料等飲品
⚠️活動結束後嚴禁酒駕",幫打廣告～,2020-12-04T16:45:37.805Z,2020-12-04T16:45:37.805Z,0,4,M
234919982,"如題 想要問有轉系經驗的學長姐們
進來以後才發現這個系以後真的前途渺茫
學的東西跟我想像的不太一樣
而且同學素質有夠低的= =
跟認識的別系的人比起來真的差很多

我心裡已經大概決定要轉什麼系了
想問現在才決定轉系來得及嗎？",大一上都要讀完了才決定轉系來得及嗎,2020-12-04T12:54:23.442Z,2020-12-04T12:54:23.442Z,20,12,M
234918905,"我想成為一名優秀的攝影師，有女孩子願意當我的模特兒嗎？

所有的拍攝都是藝術，請不要以有色角度看。
想拍攝主題為繩縛、恥辱、羞恥、囚禁、入浴

若未達裸露程度需要共同分擔當日拍攝成本

＃＃為了不物化女性，因此不以酬勞作為拍攝獎勵。藝術是無價的。一碗臭臭鍋才是最有意義的！
＃互惠攝影＃拍攝完會請妳吃一碗臭臭鍋當作一日的辛勞＃大尺度＃裸露不色情",我想成為攝影師,2020-12-04T09:20:50.918Z,2020-12-04T09:49:22.865Z,13,5,M
234917131,"你是學生會的成員耶
你的政見三寫出來會不會太扯？
這種內容你寫出來不丟臉嗎？

該說學生會不意外？
好像還真的不意外，中山學生會向來以雙標聞名
對國民黨見縫插針對民進黨網開一面
雙標慣了自然也就如此


這些都是公開在宿委會選舉公報上，都是公開資訊。


對了 她只有說認真出席，沒說參與 也就是說她可能會全程睡覺玩手機


https://i.imgur.com/78WRjxt.jpg",認真出席開會也算政見？,2020-12-04T02:58:05.094Z,2020-12-04T02:58:50.968Z,18,13,M
234916973,"這學期球隊來了一位碩一的學姊
球技好 笑起來也滿可愛的
讓我不由得想找機會和她搭話、多認識她

雖然每個禮拜都會見到 
但是平常練球沒事也不會有交談的機會
所以不知道怎麼開始
甚至連對方有沒有男朋友都不確定

像這種情況 該怎麼建立彼此認識的機會呢？
求各位大神提點了嗚嗚",如何搭訕碩班學姊,2020-12-04T02:17:40.006Z,2020-12-04T02:17:40.006Z,15,7,M
234916367,半夜睡得好好的被你們的吵鬧聲和椅子刮地板加上鈍器撞擊聲吵醒。從開學到現在真的沒有停過幾天，最近尤其誇張。可以顧慮一下別人的感受嗎？都幾歲的人了還像個猴子似的,武四30X半夜到底在吵什麼,2020-12-03T19:15:25.590Z,2020-12-03T19:15:25.590Z,13,4,M
234915299,"有沒有明明沒有中山學籍
但還是來常參加學校活動
然後熟門熟路來報名特殊選才的八卦

是個在Tinder上亂約玩完女生就丟
還大肆造謠裝的自己很可憐
把自己每任前女友講的多可惡
殊不知自己只是個清高仔
真可悲 
中山新生素質難怪越來越低zzz
進來記得叫學長蛤
究竟有沒有靠關係呢
就讓我們看下去

如果這樣的人都能進
那每個人都去蹭一下然後報名就好啦",中山的准新生掛,2020-12-03T15:24:22.162Z,2020-12-03T16:10:10.205Z,12,11,M
234913202,"有聽說他這學期就不做了
只是最近突然開始懷念起那個味道
還有超辣的小辣

有人知道那兩個阿姨現在跑去哪裡了嗎
有沒有重新開店還是什麼的",安記跑去哪了,2020-12-03T09:36:24.456Z,2020-12-03T09:36:24.456Z,6,5,M
234910068,"盧老師的短篇小說
上台報告還有沒有人沒分到組的呀🥺🥺🥺",歐美經典短篇小說,2020-12-02T17:56:07.366Z,2020-12-02T17:56:07.366Z,3,1,M
234909391,此篇文章為轉貼文章，請更新至最新版本觀看完整內容。,有人要親猴子嗎？,2020-12-02T15:53:50.084Z,2020-12-02T15:53:50.084Z,5,14,M
234909197,好奇問一下，為什麼武四廁所常有類似於大象的聲音。,🐘,2020-12-02T15:29:00.845Z,2020-12-02T15:29:00.845Z,15,1,M
234908867,"想請問減修申請通過的同學們，理由那一欄都寫了些什麼？
麻煩了😭😭😭😭",減修,2020-12-02T14:48:50.026Z,2020-12-02T14:48:50.026Z,2,1,F
234908502,"媽誰在武四一直唱歌，還唱有夠難聽，一直破音，到底是三小破麻哦
媽一直吵在哭哦，你以為我不知道你們是哪間嗎",武四在吵尛,2020-12-02T13:56:43.048Z,2020-12-02T13:56:43.048Z,7,3,M
234907815,"請問哨船街那邊限速40
而且還有牌子說有測速照相
是嚇人用的嗎

我每次看到牌子都會減速怕被罰
但被後面一堆人超車
我在想是不是那邊根本沒照相的==

有人收過罰單ㄇ",測速照相,2020-12-02T11:53:17.420Z,2020-12-02T11:53:17.420Z,14,1,M
234906923,請問一下有辦法得知自己的學年系排嗎？最近想申請轉學考但要看在校%數，但成績單上因為上學期的游泳課沒有顯示排名之類的，我查了系統都沒看到所以上來問一下。,學年系排,2020-12-02T09:12:14.509Z,2020-12-02T09:12:14.509Z,12,6,F
234906044,"小弟我是今年的推甄生，想問一下黃國勝老師的實驗室風氣如何？
跟教授面談時大概會問什麼問題？
有需要先去了解什麼資料嗎（AI、機器人..）？
還是就了解 教授的論文內容就夠了
 拜託各位大大了
感謝🙏",請益 電機乙組 黃國勝老師,2020-12-02T06:21:36.570Z,2020-12-02T06:21:36.570Z,4,6,M
234904771,"在這裡想請問一下~曾經有跟小老師諮詢過的，請問我們是自己要找問題問嗎？(蠢
本人第一次預約XD

我是有要問問題，關於作業的，但是不太可能會問到滿50分鐘😂
這樣是可以跟小老師詢問能不能提早走嗎？

請大大們解答",自學園小老師,2020-12-02T01:59:04.170Z,2020-12-02T08:32:21.297Z,16,13,F
234904770,"請問附近有推薦的貼紙印刷店嗎？
最近要籌辦活動，想知道學校附近有沒有，而我也不太清楚這東西的價格所以想先上來問問",貼紙印刷,2020-12-02T01:58:56.414Z,2020-12-02T01:58:56.414Z,1,1,M
234899825,請問各位大大薛建福老師除了禮拜二早上的課之外 其他時間會在哪裡 感謝,問老師出沒地點,2020-12-01T05:47:11.094Z,2020-12-01T07:46:20.063Z,6,2,F
234899821,"餓死胎透
請問學校附近或大高雄交通發達地區有推薦的牙醫嗎？小的牙齒快炸了QQ",求牙醫推薦,2020-12-01T05:47:00.428Z,2020-12-01T05:47:00.428Z,10,2,M
234898352,有個表演需要鋼琴練習，可以問下學校那邊會有琴房或鋼琴可以練習，謝謝,借琴房或鋼琴,2020-12-01T01:13:59.005Z,2020-12-01T01:13:59.005Z,5,2,F
234897737,請問棄選剩四天，教授四天都不在怎麼辦？ 急！！,棄選找不到教授,2020-11-30T18:01:30.255Z,2020-11-30T18:01:30.255Z,12,12,M
234897384,"小弟我好奇去查了海工系的必修
發現基本上全是其他學校土木系的必修
請問有沒有海工的同學能幫我解惑這個系和海洋有關的地方佔了多少？",海工系到底是不是土木系,2020-11-30T16:51:49.063Z,2020-11-30T16:51:49.063Z,13,8,M
234896560,"今天早上買約12.30在買E餐時有猴子來gank我
一位穿無袖壯碩ㄉ男子感謝你的救援
如果這篇文有認出我 留個聯絡諮詢請你喝飲料！ 因為我被搶過三次ㄌ對猴子超恐懼今天真的很謝謝！",感謝您ㄉ救援幫嚇走猴子,2020-11-30T14:50:26.345Z,2020-11-30T14:50:26.345Z,21,36,M
234895437,"有點吵欸，低樓層剛在睡覺被吵醒。
有掛？",武嶺附近正在辦什麼活動嗎,2020-11-30T11:49:44.997Z,2020-11-30T11:49:44.997Z,8,3,M
234895387,"有沒有人要一起過聖誕啊
不想在宿舍繼續羨慕別人了🥺",聖誕節,2020-11-30T11:40:05.861Z,2020-11-30T11:40:05.861Z,9,0,M
234895272,"星爆氣流
https://i.imgur.com/IKb4lqL.png",何以解憂?,2020-11-30T11:18:44.255Z,2020-11-30T14:28:41.471Z,23,6,M
234895260,"聽說熊貓很厲害，校內天涯海角都能送到，
請問大家跟熊貓溝通的撇步？
怎麼樣才能精準定位外送地點？",在校內叫foodpanda,2020-11-30T11:16:33.919Z,2020-11-30T11:16:33.919Z,5,4,F
234895187,"李杰穎的電磁考試是這禮拜還是下禮拜啊？
有沒有可以救救",電磁學第三次考試,2020-11-30T11:03:31.189Z,2020-11-30T11:03:31.189Z,6,0,M
234894417,"就跟你說了!交易對象要慎選喔!
跟來路不明的容易就有，就不聽!現在之前賺的全變成醫藥費!
https://tw.news.yahoo.com/%E5%A5%B3%E5%A4%A7%E7%94%9F%E8%B3%A3%E6%B7%AB%E6%9F%93%E6%84%9B%E6%BB%8B-%E7%94%B7%E5%90%8C%E5%AD%B8%E7%8B%82%E8%A1%9D%E9%86%AB%E9%99%A2-234125941.html",女大生賣淫染愛滋！男同學狂衝醫院,2020-11-30T08:38:16.487Z,2020-11-30T08:38:16.487Z,7,8,M
234891875,"如題
最近突然想吃以前夜市或廟會那種
裹麵皮的炸熱狗
常常炸了沒人買就放在哪邊讓麵皮受潮
然後再幫你復炸得麵皮無堅不摧
最後刷上廉價的番茄醬

可是夜市離學校又有距離
不知道附近哪裡買得到",好想吃廉價麵粉炸熱狗,2020-11-29T18:49:25.517Z,2020-11-29T18:49:25.517Z,6,9,M
234890285,"讀社會系是不是很丟人啊？
開學到現在
親友問我讀哪個系，一直不敢承認
即使是在D卡這種匿名地方我也不敢公開系級
出去通識課時也是，系上太多人整天在中山大小事丟人現眼，都不好意思在臉書貼上自己系級了。
只有我這麼覺得嗎？",讀社會系很丟人嗎？,2020-11-29T14:12:05.333Z,2020-11-29T14:12:05.333Z,74,19,M
234888948,"中山有人喜歡下五子棋嗎？ ?

如果有人要可以用線上軟體開個房來玩

日規喔 ~",五子棋,2020-11-29T09:53:08.825Z,2020-11-29T09:53:08.825Z,4,4,M
234888865,"如題，請問一下到kth交換的各位都是理工科系的嗎？若非理工科的學生去交換適合嗎？會不會被當光光@@

本身文組想去kth交換，因爲查閱課表時發現該校也有開設統計、財金類的課程，但好像找不太到非理工科系去交換的心得，故發文請教各位意見，謝謝！
https://i.imgur.com/F35bDmG.jpg",請教KTH 瑞典皇家理工大學交換,2020-11-29T09:36:15.234Z,2020-11-29T09:36:15.234Z,3,5,M
234885824,"看到大學生隊輔要帶隊高中生
像宿營一樣好像蠻辛苦的
發個廢文",open house,2020-11-28T16:35:14.586Z,2020-11-28T16:35:14.586Z,5,2,M
234884205,如題，請問各位有住過宿的學長姊，要如何換室友，有需要誰的同意？是什麼時候才能換，是學期結束嗎？,換室友,2020-11-28T11:54:25.034Z,2020-11-28T11:54:25.034Z,10,2,M
234882313,"有人也好奇助教薪水嗎？常常看到靠北版很多事情因為薪水
但是我覺得助教都蠻認真帶我們，要改考卷、教課、改作業，還是學校其實給薪蠻大方的？不像外面傳的一樣

有助教要來分享嗎",好奇助教薪水,2020-11-28T04:30:30.596Z,2020-11-28T04:30:30.596Z,23,10,M
234881060,"如題
最近不小心買到太大件的衣服
想找店家修短一下下擺

想請問各位有沒有店家的服務還不錯
有爬過文不過資料都有點舊了
有聽說學校洗衣店可以修改 想請問有沒有人去那邊改過衣服 或者學校附近的店家
感謝各位",請問學校附近修改衣服的店家,2020-11-27T17:59:54.220Z,2020-11-27T17:59:54.220Z,10,4,M
234878817,"https://i.imgur.com/bd9n0aP.jpg
如題。
五樓數字小的那邊的廁所3號
請問到底是怎麼噴的可以噴成這樣？
能不能互相尊重留給下一個使用廁所的人一個正常的環境？",H棟5樓廁所慘況,2020-11-27T11:44:43.919Z,2020-11-27T11:44:43.919Z,7,16,F
234878091,"小弟不才期中考只考30幾
作業也都不太會寫 然後deadline又快到了
請問這樣還有沒有救",組語求救,2020-11-27T09:25:43.733Z,2020-11-27T09:25:43.733Z,10,3,M
234877006,現在是全世界的網路都變慢嗎！？還是只有武二,網路,2020-11-27T05:50:34.957Z,2020-11-27T05:50:34.957Z,2,1,M
234875141,"現在半夜兩點，你跳上跳下搞什麼
附近都在震欸幹",武四二樓 幹你媽的,2020-11-26T18:19:50.776Z,2020-11-26T18:19:50.776Z,4,3,M
234873633,"從下午4.多開始到現在宿舍網路一直不能使用這裡手機網路訊號也沒多好，要看影片都會卡
是哪位同學網路線插錯需要關懷嗎🙂🙂",宿網真爛,2020-11-26T14:29:22.610Z,2020-11-26T14:29:22.610Z,2,3,M
234873611,"就是在說你啦F棟宿網，平常10點多固定降速就算了，
今天直接從下午斷到半夜是怎樣==
不是诶，
我沒有欠你诶中山大學店",垃圾宿舍網路,2020-11-26T14:27:35.084Z,2020-11-26T14:27:35.084Z,1,0,M
234872768,"為什麼晚上會有一群屁孩在那邊大吼大叫？被制止了還繼續回嘴，幾歲了？

你們跟猴子有什麼分別",翠亨機車道,2020-11-26T12:24:59.782Z,2020-11-26T12:24:59.782Z,10,16,M
234867503,"【雄蝦趴K'mas party｜聖誕聯誼晚會】

活動資訊隨時follow我們的IG🔗

📷Ksmasparty

隨著冬天逐漸下滑的氣溫，
是不是嘆息著又是一個人的冬天，
看著IG情侶放閃覺得天冷心更冷。

忙於課業沒有社交活動的你，
是不是也想體驗派對的感覺。

走出校園,參加聯誼
這次聖誕,絕不剩單💜

▒▒▒▒▒▒▒▒▒▒▒▒▒▒▒▒▒▒▒▒▒▒▒▒▒

大家好！屬於高雄大學生的聖誕節派對來囉！

今年我們請來有500萬點閱率「小海灘」的
禮韋Thehopend
來當我們其中一位的演出嘉賓


不過聖誕晚會我們不會單純只有演出
用派對的模式讓各個在高雄念書的大學生能加速認識彼此
遊走在晚會的會場認識新朋友是我們的宗旨

我們也抽獎送出價值不斐的聖誕禮物🎁
加上美味的聖誕自助餐與聯誼小遊戲

希望活動能讓大家感受到聖誕節的氣氛！
也在各位參加者心中成就了一個難忘的聖誕節☃️☃️

▒▒▒▒▒▒▒▒▒▒▒▒▒▒▒▒▒▒▒▒▒▒▒▒▒

本活動提供免費餐食飲品與小遊戲攤位
不會出現潑水等濕身環節，各位同學們放心
建議各位同學搭乘捷運前往，並注意安全

▒▒▒▒▒▒▒▒▒▒▒▒▒▒▒▒▒▒▒▒▒▒▒▒▒

預購票價：350元
現場票價：400元
活動日期：12/17（四）
活動時間：18:00-21:00
活動地點：高雄百世新天地(捷運橋頭火車站旁)



#雄蝦趴#抽獎#派對#高雄#大學生#聖誕#聯誼",聖誕聯誼晚會！,2020-11-25T15:45:10.428Z,2020-11-25T15:45:10.428Z,1,13,M
234867398,"吵什麼吵？？？
叫什麼叫
每天被樓上的大象走路吵到夠不耐煩了
https://i.imgur.com/006qorH.jpg",H棟四樓,2020-11-25T15:31:29.731Z,2020-11-25T15:31:29.731Z,18,15,F
234865926,我現在好想吃豬血糕、燙豬腸、粽子、滷豬舌頭、滷雞頭、滷雞脖子、滷雞屁股，有人要買給我吃嗎？,幹，我他媽好餓,2020-11-25T12:14:52.597Z,2020-11-25T12:14:52.597Z,5,5,M
234860226,"真的覺得唸研究所 找對好教授真的很重要
小弟我唸理學院的xx所 
（對啦我俗拉不敢打出來
真的奉勸各位阿...
找老師的時候 如果發現你們老師是
40歲以上未婚女強人真的要小心阿
這種人不是活在自己世界裡面 
就是整天想找人麻煩
我們實驗室不管有沒有事情
一到六都要到實驗室
一到五都還要到晚上九點才能走
禮拜六不能來還要請假！
就在上週 本菸酒生又忙到晚上
好不容易自己的實驗結束回宿舍休息
然後就發生以下事情
https://i.imgur.com/1It1rFc.png
真的啦
拜託各位小學弟妹們
打聽實驗室請找對的人打聽
找到奴性堅強的人打聽也只是聽他們歌功頌德
說什麼老師人很好~
到底好在哪裡？？？？ 不懂？？？？
想知道我們實驗室在哪裡嗎？
去打聽全中山哪間實驗室常態九點走的乾！",想唸理工學院研究所的要小心阿...,2020-11-24T14:27:55.131Z,2020-11-24T14:27:55.131Z,27,65,M
234859712,請問英文課要去英文自學園，是要去看影片還是坐在那邊讀自己的英文書也可以><,問個有關英文自學園的問題,2020-11-24T13:15:27.573Z,2020-11-24T13:15:27.573Z,14,4,M
234859550,"https://news.ltn.com.tw/news/life/breakingnews/3361232
到底是誰爆料的= =
有點鬧太大了吧吧吧吧",上新聞了,2020-11-24T12:46:38.989Z,2020-11-24T12:46:38.989Z,23,19,M
234856413,"？？ 卦在哪裡
學校又要痛心疾首了嗎
有沒有人有管院的卦


https://i.imgur.com/RuXj22N.jpg",管院的卦,2020-11-24T03:32:02.927Z,2020-11-24T03:32:02.927Z,18,14,M
234853911,"一開始進宿舍大家都還很羞澀 沒什麼問題

沒想到一個月後才是噩夢開始

開始不經過你同意動你東西 視為理所當然

我們家沒那麼有錢 你覺得只是小東西 

但對我們家並不是 還在那邊開玩笑 

有沒有同理心啊

不然就是東西開始亂 沒空間

然後留言先不要放那張幹嘛跟我們講 跟本人講

因為我還在想要怎麼開口才不會傷和氣",大家開學後有沒有遇到雷室友啊 可以分享一下嗎,2020-11-23T14:54:04.333Z,2020-11-23T14:54:04.333Z,13,18,M
234852348,"問卷名稱：工作價值觀與工作績效的關係 - 工作投入與組織承諾之中介效果
研究目的：這是一份學術論文的問卷，旨在探討工作投入和組織承諾是否
中介了工作價值觀和工作績效之間的關係。

填答條件：在職中的人，或有工作經驗且記憶猶新、能回答相關題目者。

其他聲明：本問卷採用不記名的方式填答，且您所提供的各項資料皆僅作為學術研究之用，不另作其他用途，亦絕不對外披露，敬請安心地作答。另外，填寫本問卷將耗時
約4~6分鐘（不含任何開放式題目）。

問卷連結：https://www.surveycake.com/s/lMkkr

回饋獎品：統一禮券300元。在調查結束後，從有效回覆中隨機抽取5名，
將透過Email通知得獎者並寄發。

問卷截止時間：約12月初。
https://i.imgur.com/8GN09W7.jpg
讓貓貓熱情的注視陪伴著你一同填寫",[填問卷抽獎] 工作價值觀與工作績效之關係,2020-11-23T10:32:54.123Z,2020-11-23T10:37:54.890Z,0,3,M
234851980,"(代po)
小弟感謝各位學長姐能點進來幫忙解惑

今年推甄有幸同時錄取貴校財管所及成大財金所，在網路上風向大部分都還是選中山，因為訓練的很紮實，資源很多等等的。但仍然還是有人認為成大校名就是好聽一點，在業界有些人資仍然以成大為優先選擇。

所以小弟也想向各位學長姐請教一下，在所上是否需要用到程式的課程比例真的很大(因為我也沒有很喜歡寫程式...)或是有沒有學長姐之前同時都有錄取最後選擇中山的原因，以及有沒有後悔應該要去成大的...？
不過也希望學長姐可以多多分享自己的各種意見， 讓小弟我能有一個參考的依據，感激不盡！",請教財管所學長姐一些問題,2020-11-23T09:31:42.916Z,2020-11-23T09:31:42.916Z,11,9,M
234851610,"請問各系作弊仔有上嗎？請問各系作弊仔有上嗎？

https://oaa.nsysu.edu.tw/p/406-1003-193740,r878.php?Lang=zh-tw",請問各系作弊仔有上嗎？,2020-11-23T08:13:32.713Z,2020-11-23T08:13:32.713Z,1,28,M
234849914,"洗澡沒熱水
飲水機故障一個禮拜還是壞的
宿網天天死掉

死人乞丐垃圾大學",死人學校宿網又死了,2020-11-23T02:39:06.771Z,2020-11-23T02:39:06.771Z,7,3,M
234847384,三秒前我已經打右轉方向燈了，也準備要彎了，還從我右邊超車是怎麼 腦子裝飾用嗎？ 還不忘看我一眼，怎樣？有什麼問題嗎 = =,騎車長眼一點好嗎,2020-11-22T14:20:47.755Z,2020-11-22T14:22:51.681Z,17,7,M
234846078,"還有誰直線七秒沒過？

大家駕照都考幾次才拿到？",機車駕照要考多久？,2020-11-22T10:37:03.486Z,2020-11-22T10:37:03.486Z,23,11,M
234844884,"「UNIQLO是什麼樣的公司?」
「怎麼樣在27歲前就年薪百萬?」
「大學生要提前培養什麼能力？」
「已經踏入職場也有再挑戰機會？」
透過「UNIQLO全球儲備菁英計畫說明會」立刻獲得解答！
即使無法親臨現場，線上也可以參加❤️
❗現場參加-報到前120名享有美味餐盒
❗現場參加-爭取多項UNIQLO互動好禮、再抽UNIQLO Taiwan字樣托特包*3名
❗不管線上/現場參加-完成活動問卷，共抽UNIQLO$500禮卷*3名
👉報名說明會：
https://lihi1.com/0njYP/01s
-------
📣「UNIQLO全球儲備菁英計畫」亮點：
⚫快速升遷
⚫獲取百萬以上薪資
⚫多元職涯發展機會
⚫全球化工作機會
⚫經營者思考格局
⚫經營實力培養
⚫起薪$46,000起 (經面談後依個人能力敘薪)
-------
👉一鍵應徵：
https://lihi1.com/9alN1/01s
❗12/6(日)前投遞履歷，可爭取至UNIQLO總部現場參加經營者座談會，並有系列UNIQLO Career Day活動(詳情參考應徵表單說明)
👉更多內容請參考招募官網：
https://lihi1.cc/BJJlR/2021IUMC01s
 
https://i.imgur.com/6MWTHZm.jpg",Uniqlo徵才嘍～,2020-11-22T06:11:06.963Z,2020-11-23T03:59:16.793Z,4,2,M
234844459,"好奇問個
為什麼可不可從試營運到開幕完全都沒有優惠ㄚ
同樣是連鎖店清原就會有
可不可有優惠的話我一定會喝爆…",可不可,2020-11-22T04:32:56.326Z,2020-11-22T04:32:56.326Z,22,17,F
234843137,想請問各位除了學校附近的廟口鹽水雞外，還有沒有推薦的，不限鼓山鹽埕區啦，好吃的都來,鹽水雞推薦,2020-11-21T17:38:43.769Z,2020-11-21T17:38:43.769Z,4,2,M
