234969898,"請問最近有沒有人撿到學生證呢？
或是拿去西淮館失物招領了呢？",弄丟學生證,2020-12-12T15:12:18.459Z,2020-12-12T15:12:18.459Z,0,2,F
234969344,"今年跑道真的非常滑！！！
我已經看到至少有三位同學跌倒了！
學校整修後都不會驗收的嗎？
跑道上那麼沙子，這也叫PU跑道？",操場跑道非常滑！！！,2020-12-12T13:50:24.276Z,2020-12-12T13:50:24.276Z,7,5,M
234968166,"感謝今天大隊接力跑完來關心我的工作人員
因為當時不舒服所以沒來得及跟你道謝
也不知道你會不會看見
但還是想說聲謝謝
也感謝這兩天辛苦的工作人員了👍",感謝校慶的工作人員,2020-12-12T09:46:21.753Z,2020-12-12T09:46:21.753Z,1,12,M
234968051,"如題，退場時在操場上撿到的，我已經交給六宿的服務台了。
https://i.imgur.com/LvFmAl5.jpg",撿到遺失的房卡,2020-12-12T09:22:37.910Z,2020-12-12T09:22:37.910Z,2,1,F
234966490,"去年剛畢業，好奇各位現在都在做什麼啊 
我在工程行 中小企業那種 員工二十個
感覺氣場不太match
還是比較懷念大學生活跟一堆大學生一起的時光啊
雖然我是邊緣人",問個南臺畢業同學工作,2020-12-12T03:52:38.077Z,2020-12-12T03:52:38.077Z,17,10,M
234966145,"你各位啊~有人要去參加的嗎？
還是都跑去輕檔大會師了😢",紳士路騎,2020-12-12T02:03:01.355Z,2020-12-12T02:03:01.355Z,15,3,M
234966072,"https://i.imgur.com/vpKVheq.jpg
陳O翔同學你的錢包掉在南臺街的巷子了～
幫你拿去後門警衛室嘍！",同學你的錢包！,2020-12-12T01:39:03.543Z,2020-12-12T01:48:53.990Z,2,15,F
234965910,想請問大家如果有選修體育或者通識的，這樣那些分數會算近班級排名裡面嗎,分數問題,2020-12-12T00:18:14.069Z,2020-12-12T00:18:14.069Z,4,0,M
234965724,"12/11 8：00左右
中華北路觀海橋前面紅綠燈（未過橋）紅燈停等區
有沒有人有看到或有行車記錄器拍攝到
一台當時BJR白色摩托車，車號6509自中間車道切向外車道遭後方機車擦（追）撞，肇事者機車據當事人所言為黃色
請各位幫忙，有的話請在下方留言",12/11   8：00車禍行車紀錄器,2020-12-11T20:56:06.336Z,2020-12-11T20:56:06.336Z,0,6,M
234965476,"不知道現在都幾點了
還在大聲喧嘩
吵到整層樓的住戶
在走廊都能聽的到玩遊戲的笑聲和交談聲
我也不想知道妳英文到底有多6連serious都出來了呢",品福C棟四樓,2020-12-11T18:54:32.406Z,2020-12-11T19:04:49.197Z,10,7,F
234964959,RT 可以不要半夜奏樂嗎？ 他媽管你吉他貝斯還是 傳到旁邊的只有震動聲 你是家裡死人還是老媽上週被我罵死今天頭七回不了家需要在宿舍彈啊？,六宿半夜彈琴孤兒,2020-12-11T17:08:43.930Z,2020-12-11T17:08:43.930Z,7,8,M
234963735,"不知道是你把貓放在家一個人出去花天酒地還是妳家的貓餓了，
反正重點就是，
請趕快回來救你的貓貓，他叫的有點淒慘。",品福 你家的貓是不是在發情,2020-12-11T14:14:29.222Z,2020-12-11T14:14:29.222Z,1,7,M
234963608,"大家好，我們是視傳系大四生
希望能耽誤各位1分鐘的時間填個問卷！
問卷內容只會到做專題資料參考！
再次感謝大家🙏🙏🙏

以下為問卷網址
https://forms.gle/Ahum4rPzt1cL7ptZ8",拜託幫我們填個問卷～救救大四畢業專題,2020-12-11T13:53:58.848Z,2020-12-11T13:53:58.848Z,6,2,F
234963186,"請問有人有在N203教室中間排的座位抽屜發現黃色長方形袋子嗎？裡面裝著便條紙跟手帳貼紙QQ
早八課可能忘在教室裡了，請問有誰看到嗎？
😢😢😢😢😢😢",N203失物招領,2020-12-11T12:43:18.509Z,2020-12-11T12:43:18.509Z,0,0,F
234962686,"奇肯跟3Q都吃過了 比較喜歡這種類型的雞排
新開的鹹酥雞攤賣的是那種雞排
還是一般炸物攤乾扁的雞排啊",請問學校附近有好吃的炸雞排嗎,2020-12-11T11:17:05.157Z,2020-12-11T11:17:05.157Z,5,3,F
234962521,"去年分享過車展的SG

不免俗的 今年也要來分享一下

今年的就由小佳來開場
https://i.imgur.com/RNBlyC5.jpg
https://i.imgur.com/cNXAlJC.jpg
https://i.imgur.com/mDiLfQP.jpg
https://i.imgur.com/D7EXSFv.jpg
https://i.imgur.com/ZGrAWwD.jpg
https://i.imgur.com/nDOX5zO.jpg
https://i.imgur.com/hQx11OE.jpg
https://i.imgur.com/H2L6pkl.jpg
https://i.imgur.com/EIKcsa4.jpg
https://i.imgur.com/QD14HU7.jpg
https://i.imgur.com/RhTMtwg.jpg
https://i.imgur.com/GpwXNDu.jpg
https://i.imgur.com/5t1HXjh.jpg
https://i.imgur.com/crWWt2V.jpg
https://i.imgur.com/rsaLKcN.jpg
https://i.imgur.com/js9qswu.jpg
https://i.imgur.com/CBHUmt5.jpg
https://i.imgur.com/pwJYKoF.jpg
https://i.imgur.com/89GDoHU.jpg
https://i.imgur.com/3wYL8UU.jpg
不知道版上有沒有大神知道PGO這位綁馬尾的SG
好像都找不太到她的相關資訊",第32屆車展,2020-12-11T10:48:10.347Z,2020-12-11T14:38:08.179Z,17,23,M
234962369,"同學們有掛嗎？補補補補補補補補補字
🐒🐵🐒🐵🐒🐵🐒🐵🐒🐵🐒🐵🐒🐵🐒🐵
https://i.imgur.com/NvtdWsv.jpg",有掛？,2020-12-11T10:24:07.629Z,2020-12-11T10:24:07.629Z,7,16,M
234962300,"啊怎麼機械系男生今天一整天都沒看到金牌
連個銀牌都沒有
說好的總錦標第一呢",今年的機械系怎麼了,2020-12-11T10:11:42.564Z,2020-12-11T10:11:42.564Z,10,2,M
234961337,"誰的羅技掉在D棟教室
晚點會送去西淮館
https://i.imgur.com/JfGpzOP.jpg",logitech滑鼠,2020-12-11T07:10:10.885Z,2020-12-11T07:12:42.631Z,0,0,F
234960753,"在此先聲明：我剛下課走出來看到的，並非我用的。
同學你安全帽掉到地上了，鏡片脫落，有點損傷，
https://i.imgur.com/rjO6IIN.jpg
我幫你撿起來放在車上了。
https://i.imgur.com/ZgM650O.jpg",停在P棟旁地面停車場的FORCE,2020-12-11T05:27:29.357Z,2020-12-11T05:27:29.357Z,1,13,M
234960736,"有誰看到我的卡嗎？！！！
超緊急！！！
拜託大家了！(ノДＴ)",找橘色放學生證和房卡的卡帶,2020-12-11T05:24:16.355Z,2020-12-11T05:24:16.355Z,1,1,F
234960358,"E204教室拾獲一隻機器人AirPods 🤖️
已交給計網中心～～
https://i.imgur.com/DQ9PLmE.jpg
不客氣唷",AirPods 失物認領,2020-12-11T04:23:59.309Z,2020-12-11T08:56:37.689Z,3,1,F
234960220,"在這個路口可以騎慢一點嗎
差點就被這位大哥撞到
大哥下次騎車載人顧慮一下後座
差一點就要跟你進奇美了https://www.dcard.tw/v2/vivid/videos/35bec279-6725-40d3-84f6-7b839e49ac40?r=0.5625",騎去I棟的小巷不要這麼靠近好嗎,2020-12-11T03:59:16.178Z,2020-12-11T03:59:16.178Z,4,11,M
234960042,我平均一星期會去一次臭臉老闆娘那，老闆娘幾乎每次都會多給食物，我拿過水煮蛋香蕉,臭臉老闆娘多給的日誌,2020-12-11T03:25:31.765Z,2020-12-11T03:25:31.765Z,5,9,M
234959592,"請問各位學長姐  當初有收到這封信的
學貸是不是會比較慢下來
因為同學最近都收到學貸通知的信了
https://i.imgur.com/SwhqIeE.jpg",問卦  就學貸款,2020-12-11T01:21:48.017Z,2020-12-11T01:21:48.017Z,7,3,M
234959442,"林X諠 0976277077
想要我電話也可以順便存 
補充：剛剛勞掃的時候放口袋拿手機掉的 
我掃六宿出來的斜坡附近！",有人在接近一宿往風雨球場的路上撿到一千元嗎！我弄掉了 麻煩撿到的好人跟我聯繫 大學生很窮...,2020-12-11T00:18:58.286Z,2020-12-11T00:18:58.286Z,5,15,M
234959194,"這個嘛
是Whoscall顯示的
我還真的不知道這通是哪來的
打來時我應該還在睡覺
這到底是詐騙還是真南臺XD
https://i.imgur.com/qnJEJEr.jpg",現在南臺都用手機號碼打電話？,2020-12-10T20:08:59.595Z,2020-12-10T20:09:24.005Z,3,2,F
234958924,"幹你娘 現在半夜2.25 
樓下坐在那邊聊天的是在吵三小
講話不能小聲一點嗎 可以不要笑這麼大聲嗎
幹你娘勒 那麼有體力 
明天運動會每個項目都參加啦 吵死了
都幾歲了還不懂得規矩
我他媽現在被你們吵到睡不著
不知道是不是同一群人啦
我幾乎每天半夜都聽得到有人在樓下聊天 談笑
https://i.imgur.com/axGMFrR.jpg
懶得錄影片 反正以後可以改善一下嗎 
有夠沒品",一宿樓下聊天的吵夠了沒,2020-12-10T18:29:23.247Z,2020-12-10T18:29:23.247Z,64,41,F
234958367,不好意思請問品福c215 為什麼要敲牆壁敲那麼大力 我現在已經穿睡衣了又長很醜 沒辦法去你門口問你！所以我在這裡問：）,品福C215為麼牆壁要敲很大力？,2020-12-10T16:59:02.284Z,2020-12-10T18:44:46.374Z,6,6,F
234958075,想問一下學生會貼紙怎麼申請，學會網站找過都沒有，問了人也的不到肯定的答案。,學生會貼紙,2020-12-10T16:18:52.974Z,2020-12-10T16:18:52.974Z,6,0,M
234957928,"鼎旺旁邊開一間新的鹽酥雞，有人有買過嗎？
感覺普普，怕踩雷",鹽酥雞,2020-12-10T15:59:09.600Z,2020-12-10T15:59:09.600Z,9,4,M
234956663,"一宿 三樓 第三台洗衣機，
剛才去拿洗好的衣服回寢室晾，
晾到一半發現有4件不是我的衣服⋯
不知道是誰勿放到我的洗衣籃裡，
因為是全白的我擔心拿回去放會髒掉，
先幫你晾了，記得來認領！！
https://i.imgur.com/eRit9Vd.jpg
https://i.imgur.com/j09vz7E.jpg
https://i.imgur.com/lcmP3Pw.jpg
https://i.imgur.com/gUH1hB1.jpg",你的衣服在我這( ･᷄д･᷅ ),2020-12-10T13:23:08.652Z,2020-12-10T23:56:47.260Z,8,5,F
234956550,"https://i.imgur.com/ZGX431a.jpg
如圖片
4A9E0078 江同學 
你的包包放在八方沒有拿 ತ_ʖತ

https://i.imgur.com/c071DkI.jpg
如圖
這是一位女同學留下的
如果有認出來記得來八方拿哦 ಠᴥಠ",八方遺失物認領~~~,2020-12-10T13:20:18.978Z,2020-12-10T13:20:18.978Z,0,6,F
234955621,"我在路上幫你撿到的學生證已經交到7-11裡面了
記得去領哦
https://i.imgur.com/xUAhaag.jpg",在三宿外面的7-11撿到學生證,2020-12-10T10:48:59.088Z,2020-12-10T12:24:24.167Z,4,6,F
234955603,"嗯。如以上連結
這個白癡是我朋友搞丟自己的滑鼠了！
然後，他跟我說其他滑鼠不好用😂，
那個滑鼠畢竟是高價位商品，同學，不要私吞餒，快點幫幫他…男生可以賺一杯飲料，女生可以賺一個男友+一杯飲料…

可憐的孩子，需要你們的幫忙！",幫幫這個可憐人,2020-12-10T10:46:21.623Z,2020-12-10T10:46:21.623Z,7,1,F
234955256,"這次有9m88 怎麼沒有請ozi呢
好想要聽到現場版的B.O.啊
好想聽到金曲獎表演的歌曲啊啊啊
話說 這次 學生會花這麼多錢在聖誕演唱會
下學期還會有畢業演唱會嗎？
疫情的時候沒有畢業演唱會
這次會有畢業演唱會嗎？",聖誕演唱會,2020-12-10T09:47:34.099Z,2020-12-10T09:47:34.099Z,10,15,M
234955226,希望有好心人撿到可以歸還 會請飲料報答 https://i.imgur.com/DNtMltl.jpg,禮拜三E棟404通識課遺失滑鼠,2020-12-10T09:41:21.864Z,2020-12-10T09:41:21.864Z,14,5,M
234955006,"https://i.imgur.com/OztHAQh.jpg
一個神經病一直跑來桌遊社群嗆整個社團都是臭宅
哪個系的猴子帶回去關好可以嗎？",同學好嗆喔，退你群還一直跑回來,2020-12-10T09:03:01.270Z,2020-12-10T09:03:01.270Z,33,17,F
234954875,"暑假結束後就沒停過6宿停車場，今天停地下2樓走樓梯上來發現變乾淨很多耶！！！
發現現在學弟妹勞掃真的有變得很好了，而且聽同學說6宿的小組長們也太盡責了吧？以前都沒有掃的這麼乾淨啊？
之前大一停6宿都很多灰塵一直過敏，現在灰塵也少了很多不會鼻子癢了👌😂
ps：每次經過6宿操場都覺得比其他地方乾淨，早上人少的時候簡直世外桃源🙏",6宿有比較整潔了！,2020-12-10T08:39:45.960Z,2020-12-10T08:39:45.960Z,4,9,M
234953965,"就在今天下午約1點10分的時候，我騎進了W棟的地下停車場
結果在一邊用眼睛找車位，一邊左轉過柱子的同時…悲劇發生了……

我A到一台Jets，結果它就往右倒下去了…😰
更慘的是
它前面那台Ai1也被Jets從後面頂了一下，跟著往右倒下去了…………😱

當下立刻把兩台車牽起，並看了一下車子的傷勢，好在沒有我想像中的那種一大片咪咪貓貓的擦痕，只是當然還是有輕微的擦傷在下方側底板那裡…

我發這篇文是想找到那兩位車主！
(🚩車子的圖在下面)
要是認識車主的人也可以幫忙告知他們一下🙏
如果事後你們有需要我做賠償的動作，才找的到我

然後我先在這邊跟你們鄭重的道歉，真的很對不起，我不是故意弄到你們的愛車，希望這件事不會讓你們的心情太不美麗😓🙏

如果之後你們方便，我也能再當面跟你們賠不是一次😔

Jets
https://i.imgur.com/rYp7oy7.jpg

Ai1
https://i.imgur.com/8LjVHTk.jpg

最後附上我的聯繫方式…真的對車主們很抱歉🙏🙏

https://www.facebook.com/tian.zhao3",停W棟B1的Ai1及Jets車主看一下⚠️,2020-12-10T05:59:05.862Z,2020-12-10T05:59:05.862Z,43,56,F
234953516,今天中午在7-11結帳你的錢不小心掉地板，結果被一個男生撿走了，我幫你要回來了但是你已經走掉了我找不到你，你的錢我會一直保管著，希望你會看到這篇文！！！,你的錢我要回來了！！！,2020-12-10T04:42:45.463Z,2020-12-10T04:42:45.463Z,10,18,F
234953228,"https://i.imgur.com/GALhbbR.jpg
幫你拿到悠活館一樓失物招領處了",週四有氧舞蹈課失物招領,2020-12-10T03:50:09.594Z,2020-12-10T03:50:09.594Z,0,1,M
234953089,"想問被記過會怎麼樣
還有勞動服務3小時不去做會怎麼樣
請問有人有經驗嗎(¬_¬)...",請問有人被宿舍懲處過冰箱違規嗎,2020-12-10T03:23:03.875Z,2020-12-10T03:23:03.875Z,7,3,F
234952864,"人頭帳號好棒棒喔，鑽漏洞簽到簽退欸
只去了幾個人卻多簽了20個沒去社課的
害我白去了一次",一年級的控晶跟奈米好扯喔,2020-12-10T02:33:25.778Z,2020-12-10T02:34:04.703Z,26,5,F
234952659,"昨天現場沒抽
粉專也沒看到發文中獎者是誰？
請問抽獎公布了嘛？？",Leo王講座抽獎疑問？,2020-12-10T01:35:12.396Z,2020-12-10T01:35:12.396Z,1,6,M
234952583,"今天一早收到這個
想問一下學校大概什麼時候會撥款
快吃土了
https://i.imgur.com/HK2RjvN.jpg",學貸撥款要多久啊,2020-12-10T01:11:35.640Z,2020-12-10T01:11:35.640Z,16,9,M
234950706,"繼洗屌事件後，飲水機又遭殃嘍！
https://i.imgur.com/3FeJ7b6.jpg
路過請小心，請看看腳下避免踩到嘔吐物！",六宿五樓飲水機被口爆,2020-12-09T15:15:12.018Z,2020-12-09T15:15:12.018Z,5,25,M
234950370,"希望有路過的人可以提供行車記錄器 謝謝🙏🏻
時間：12/8下午5:40-50左右
地點：中華路跟中正南路的路口 
我朋友車禍，對方肇事逃逸
目前警方還在調監視器
https://i.imgur.com/rk7lVvW.jpg",求 行車記錄器,2020-12-09T14:32:41.934Z,2020-12-09T14:32:41.934Z,4,16,F
234950340,"餐飲科的都有大概聽說這次咖啡證照班的事情吧，不覺得黃旭X很扯嗎，在開課前什麼都沒講，沒有講材料買了什麼、沒有講自己做了什麼，課程結束後有人來找他問課程沒用到的材料去哪了？為什麼沒有用到？沒有用到當初幹嘛買？這些問題，她才把自己多可憐講出來，例如她開課自己貼業師多少鐘點費，退我們材料錢拿自己的錢補零頭，又講到自己住高雄來回車錢多少多少，暗指自己都沒有計較這些小錢我們幹嘛計較。

但現在不是錢的問題，而是我們很疑惑那些材料明明沒有用到幹嘛提前買，又或是說為什麼不問清楚再買，作為一個老師，怎麼會用先買好做預備的方式，而不是準備周全再去採買，就因為他這個決定浪費了材料以及同學們的金費，然而提出材料問題的同學卻要負責處理多出來材料的退費問題，材料是她決定要買的，提出問題的同學卻要幫她收爛攤子？



想讓大家知道這個老師的行為，幫我推上去拜託ㄌ",關於餐飲科飲調老師...,2020-12-09T14:27:57.428Z,2020-12-09T14:46:00.356Z,33,133,F
234949909,"https://i.imgur.com/4GsvVRo.jpg
想問一下 這個報名報錯了怎麼辦 ？
直接去西淮館找老師改ok嗎？",服務學習,2020-12-09T13:25:07.228Z,2020-12-09T13:25:07.228Z,5,6,M
234949658,"關於英雄聯盟校際盃
多樂系學會來整理一些大家的問題～

Q1：活動時間是？
A1：預賽時間為12/17-12/29，冠亞軍賽為12/30下午2:00。

Q2：預賽如何進行？
A2：待所有隊伍報名完成後，會邀請各隊隊長進入Line群組，會公告賽程時間以及對戰組合，接著由雙方隊長進行約戰，並回報工作人員比賽時間，我們將會實時觀戰。

Q3：如何繳交報名費呢？
A3：請填寫完線上報名表單後，於12/14(一)至12/16(三)12:00至13:00，到T0712繳交保證金及報名費並確認參賽名單，才算完成報名手續。

Q4：有關獎金...？
A4：獎金及聯盟幣會依照報名組數可能有所增減，待所有隊伍報名完成，會正式公告贏家獎勵；參加獎則只需要一場比賽即可領取。

Q5：一年級的同學參加比賽有沒有社團參與分數呢？
A5：有的，請放心參加！

Q6：隊友可以找別系的嗎？
A6：可以的，組隊名單可跨班跨系，但需為南台科技大學之學生，我們會檢查每位選手的學生證。

Q7：冠軍隊伍有甚麼獎勵呢？
A7：除了比賽獎金及獎品外，冠軍隊伍將代表南台科技大學參加 2021 Predator League 英雄聯盟校際盃校隊賽的全國決賽。

以上幫大家整理一些問題，如果有任何提問，歡迎關注多樂系學會IG@stust_mes
留言處開放各路好手揪團組隊，期待你們能在決賽中脫穎而出！
報名時間有些緊促，請大家把握時間報名！報名表單：
https://docs.google.com/forms/d/e/1FAIpQLSfh31HXuc4rTElyyFvbyTU1IcTP6bZw7nSGAAapgBy211rknQ/viewform

https://i.imgur.com/VHXtHAg.jpg",多樂之星 英雄聯盟校際盃 Q&A,2020-12-09T12:48:50.208Z,2020-12-09T12:48:50.208Z,3,10,M
234949568,"哈囉大家好！
讓大家久等了
我們的第二個活動上線囉🔥🔥
就是「大家來找碴」
威111～～～～～不是啦！😁🤣
我們這次有好好審核了啦👉🏻👈🏻

好先回歸正題
這次一樣因為疫情考量所以決定辦戶外活動🤨
掌聲鼓勵鼓勵👏🏻👏🏻👏🏻🥳
沒錯我們這次辦排球比賽啦啦啦啦（我記得上次留言好像有人在敲碗🤔🤣）
-
熱愛排球熱愛戶外運動的你趕快揪朋友一起來報名吧❤️

活動日期：12/20 禮拜日
活動地點：南臺科技大學排球場
報名費用：$400/組（6-8人）
報名對象：只要年滿十八歲
報名地點：南臺K、L棟的十字路口或是撥打海報下方的手機號碼

那已經可以開始報名囉
報名截止日期至12/16🥴🥴
想了解更多活動資訊可以來找我們喔😉😉
趕快來報名吧🥳🥳🥳

https://i.imgur.com/7kkeX1f.jpg",排球淘汰賽,2020-12-09T12:34:59.944Z,2020-12-10T03:52:33.429Z,8,7,F
234948273,"掉在M棟外面小草皮
快來認領
記得附上一點小心意感謝幫你撿到的人🎁
https://i.imgur.com/5gwGnJG.jpg",耀德的AirPods pro,2020-12-09T08:54:33.932Z,2020-12-09T08:54:33.932Z,18,5,M
234948199,"誠徵校際盃隊友
缺中路 希望至少鑽up
我們平均至少都有鑽",校際盃隊友,2020-12-09T08:41:32.904Z,2020-12-09T08:41:32.904Z,11,1,M
234947786,"在花圃發現的 超級可愛 有人知道這是啥ㄇ
https://i.imgur.com/SK9ZdZb.jpg
https://i.imgur.com/n8SctEj.jpg",花圃的小老鼠,2020-12-09T07:25:52.136Z,2020-12-09T07:31:45.532Z,11,17,M
234946313,宿舍也真是奇怪 有違禁品被沒收我覺得合理 但是他說要回家才可以拿 好 啊我要回家了 結果行李不多 我跟他說我要回家 中控室的人還不相信 所以說 每次回家都一定要大包小包然後拖著行李箱才叫回家嗎？我家就住的近不行嗎？我當天來回就不算回家嗎？我禮拜三就沒課想回家麻....,宿舍中控室奇怪的觀念,2020-12-09T02:35:02.823Z,2020-12-09T02:35:02.823Z,15,19,F
234945043,"大家好，我們是工業管理系四年級的學生，
本問卷是一份以南臺科大學生為例，對蝦皮購物的調查，主要探討以蝦皮營運政策、瀏覽操作、商品評價與再購意願為主的問卷。
在這網路購物興盛的時代，想必大家都有過網路購物的經驗，希望大家能撥空數分鐘的時間，將以往購物經驗與想法如實填答與回饋，謝謝您撥空寶貴時間支持與協助。

本問卷採匿名回答，絕不透露任何身分紀錄！

有效問卷達至500份以上，
本問卷將會抽出6名填答者，贈送電影票和溜冰券，共有6名幸運者能夠獲獎，如欲參加抽獎，請於開放式意見中填下您的學校電子信箱。

追風冰上世界溜冰券3張
威秀電影票3張

⚠️必需為南臺電子信箱：學號@stust.edu.tw，才可參加抽獎！
⚠️每一帳號僅有一次填答和抽獎機會，希望大家能好好把握一同參與！
⚠️中獎者我們將會用電子郵件與您聯繫！

再次感謝大家撥空填寫！🙇🏻‍♀️
https://forms.gle/dNgkcNopoQSPDfWS8",填問卷抽溜冰券/電影票,2020-12-08T17:03:51.457Z,2020-12-09T05:50:29.552Z,3,77,F
234944988,"晚上過了12.可以就閉嘴嗎？
都有人在罵了 還在吵 不睡覺 別人要睡啊 
要聊天你們自己聽得到就好 別人不想聽你們笑 聽你們再聊什麼",晚上六宿外面操場的人沒有腦？,2020-12-08T16:54:51.327Z,2020-12-08T16:54:51.327Z,18,12,M
234944973,"這位車主你的車尾燈沒關喔！
https://i.imgur.com/N2FtmmO.jpg
補字補字補字補字",六宿B1停車場,2020-12-08T16:52:21.860Z,2020-12-08T16:52:21.860Z,4,7,F
234944807,"這女的住六宿也沒有男生進女宿謝謝
只有一個女生自己在那邊叫啦
12/7 凌晨2:30 住六宿的我親耳聽到⬇️
之前我室友也聽到過好幾次

凌晨兩點半想出去裝個水結果聽到有人在樓梯間嗯嗯阿阿真的很可怕好嗎( ･᷄ὢ･᷅ )

https://www.dcard.tw/v2/vivid/videos/96de8235-1f56-4c81-99ed-9a82f15839bf?r=1.7777777777777777
https://www.dcard.tw/v2/vivid/videos/5816cb94-c418-40c1-b9a1-6ef0216efaf0?r=1.7777777777777777
https://i.imgur.com/9b8IAsX.jpg
https://i.imgur.com/qBmVVSM.jpg",不要再猜了,2020-12-08T16:26:54.246Z,2020-12-08T16:28:23.557Z,18,51,F
234943972,"https://i.imgur.com/aSa6bbp.jpg
六宿b2停車場的勁x鑰匙幫妳放好了哦喔喔喔喔喔",六宿B2停車場,2020-12-08T14:31:55.584Z,2020-12-08T14:31:55.584Z,0,2,M
234943792,麻煩各位姐妹們幫幫忙 衣服洗好了趕快拿走好嗎 下一個人要洗！！！以為洗衣機是自己家的是嗎 洗好了還不拿出來  還有人要排隊！真的很生氣欸 幫忙拿出來才發現是餐飲科的（有餐飲科的衣服  拜託 已經不是第一次了 行行好 好嗎,六宿四樓洗衣服,2020-12-08T14:10:29.063Z,2020-12-08T14:10:29.063Z,6,2,F
234943107,"S.I.K. 10 耀夜星群 活動資訊
【活動地點】南臺科大 三連堂 (Ｙ棟)
【活動日期】2020/12/26(六)－27(日)
【實名入場】https://www.sik.tw/10entc/",南臺的同人展,2020-12-08T12:31:58.677Z,2020-12-08T12:31:58.677Z,4,10,M
234942704,"在提款機那裡撿到了這位同學的聖誕演唱會的入場券，我已經拿去六宿櫃台了，妳再去那邊拿哦～

https://i.imgur.com/BfPJ3Om.jpg",#失物招領 聖誕演唱會入場券,2020-12-08T11:26:43.213Z,2020-12-08T11:26:43.213Z,2,3,F
234942669,"https://i.imgur.com/9dhTrfR.jpg
我是一年級夜校 能打校際盃嗎 我打中路的
我蠻活躍的 台服高端應該都會對我有印象@@
還是有沒有隊缺中路要收留我的 要去哪問活動資訊@@？",LOL校際盃,2020-12-08T11:19:16.483Z,2020-12-08T11:19:16.483Z,24,9,M
234941925,"在W陽台抽菸就抽菸
幹嘛看到樓下的人一直叫？
抬頭之後還躲起來
請問是多閒？
太智障了吧
已經不只一次了
我已經遇到好幾次了
乾 很丟臉
說什麼樓下的小姐 要不要吃飯
上次我身邊的情侶也被講
什麼牽手喔 好甜蜜
什麼摟腰喔 亂摸喔

是在叫尛
小心下次我衝上去😠
氣死我了
吵死了",請問是要多幼稚？,2020-12-08T09:20:49.775Z,2020-12-08T09:21:28.228Z,16,28,F
234941478,"I308前門數來第四排第二個位子
https://i.imgur.com/ims2JoA.jpg
https://i.imgur.com/1TVTvUH.jpg
等等下課我會送到西淮館",誰的錢包,2020-12-08T07:59:07.449Z,2020-12-08T07:59:07.449Z,0,1,F
234941343,"誠徵南台校際盃隊友 
鑽up++
-mid jg ad
附上人權圖
https://i.imgur.com/27UupLe.jpg",誠徵南台校際盃隊友,2020-12-08T07:29:19.876Z,2020-12-08T07:38:16.647Z,22,6,M
234940761,"如果我住六宿肯定天天考滿分，每天精神飽滿。
https://www.dcard.tw/v2/vivid/videos/6b6271dc-9c3c-438f-8fea-29aff0ab73a3?r=1.797752808988764",六宿太癢了 受不了了,2020-12-08T05:45:47.716Z,2020-12-08T06:37:10.735Z,83,130,M
234940461,"https://i.imgur.com/0DGCL94.jpg

昨日的天空和六宿很好拍🤣祝各位有美好的每一天🤣🤣🤣🤣",昨日的天空,2020-12-08T04:47:45.391Z,2020-12-08T04:47:45.391Z,8,52,M
234940402,"https://i.imgur.com/TAeIEEe.jpg
有木有不小心人掉了房卡的 在一宿旁（涼亭）空地這邊",一宿旁空地拾獲一張房卡,2020-12-08T04:34:52.649Z,2020-12-08T04:34:52.649Z,0,2,M
234940336,"每天中午從上禮拜喊到這禮拜
剛開始覺得還好，學校的活動一兩天
每天都在喊，是多怕別人不知道
為何不做個海報貼個顯眼的地方
或是貼上來社群網站告知等等的方法

真的有點吵，一喊就是30分鐘
住在前面的，中午要休息都要等到你們喊完
可以改善一下嗎

為什麼我不跟他們講哦
1.阿我就怕被罵
2.阿我就俗辣",關於熱舞社,2020-12-08T04:20:06.632Z,2020-12-08T04:21:36.869Z,23,14,M
234940277,"照過來照過來
來到我們✨多樂週X多樂之星電競大賽✨
2021 Acer Predator League英雄聯盟校際盃
終於要在年末熱血開打啦‼️
有興趣的召喚師們還不趕快報名參加
優渥獎勵等你們來拿哦👍🏻
詳情可關注多樂系學會IG @stust_mes

💡報名期限：即日起～12/16 (三)
💡活動時間：
線上賽 109年12月17日(四) 至 109年12月29日 (二)
線下賽 109年12月30日 (三)
💡活動地點：主辦單位將另行公佈
💡主辦單位：多媒體與電腦娛樂科學系 系學會
💡協辦單位：Garena 台灣競舞娛樂有限公司
💡報名對象：南臺科技大學 全校師生
💡報名費用：每人收取50元保證金，外系及未繳納多樂系系學會費者，一人收取50元報名費，有繳交多樂系系學會費者免報名費
💡報名連結：https://tinyurl.com/y2hlfpbt
報名完成後請在12/14(一)至12/16(三)中午12:00-13:00至T0712繳交報名費。
https://i.imgur.com/i1X01lT.jpg",✨2021英雄聯盟校際盃✨,2020-12-08T04:07:12.635Z,2020-12-08T04:07:12.635Z,4,4,M
234939628,"單純想抱怨一下
學生有困難才會需要辦理學貸繳房租
就是希望可以直接用退款那筆錢繼續繳房租
現在要繳房租了還沒退款
我們還要自己先拿錢出來繳
根本沒意義了阿QQ",要吃土了QQ,2020-12-08T01:04:44.902Z,2020-12-08T01:04:44.902Z,16,13,F
234938227,"因為不知道附近哪裡有失物招領
所以撿去圖書館一樓櫃檯
主人有看到記得去領
或者朋友有看到可以幫忙通知一下喔
https://i.imgur.com/8Nvgmtl.jpg",w棟撿到錢包,2020-12-07T15:58:46.607Z,2020-12-07T15:58:46.607Z,1,2,F
234938028,"欸不是你們停這樣要多繳500塊停車費喔
https://i.imgur.com/QN4EYq3.jpg",不要這麼相親相愛啦,2020-12-07T15:34:55.700Z,2020-12-07T15:34:55.700Z,6,24,M
234936737,"在六宿地下二樓撿到的
已經拿到六宿一樓櫃台了喔(●'Д'●)✧*
https://i.imgur.com/8OsoglH.jpg",誰的房卡～～,2020-12-07T12:21:31.086Z,2020-12-07T12:21:31.086Z,2,3,F
234935945,"大家好，我們是台南大學行政管理系三年級的學生，我們有一份關於“南鐵東移議題“的問卷希望大家幫忙填答，我們會在結束後抽出三張電影票，希望大家踴躍填答，感謝大家。

問卷網址如下：https://docs.google.com/forms/d/e/1FAIpQLSc6vgZYSd5xguHMvLmOLTgLihV9PcUZA8fLg40AkHn7z3b16w/viewform?usp=sf_link",照過來！填問卷抽電影票！！！,2020-12-07T09:44:44.401Z,2020-12-07T09:44:44.401Z,2,9,F
234935832,"https://i.imgur.com/wf4Ehoj.jpg
住南台水簾洞的各位可以不要再亂丟垃圾到外面了嗎？
不過你們應該也講不停，畢竟腦袋可能也掉在防墜網上了",關於品德,2020-12-07T09:20:09.111Z,2020-12-07T09:20:09.111Z,10,24,M
234935468,"這是哪個猴子停的
別人不用迴轉？
不會立中住也不會停車格
只會吱吱吱

後面那台也一樣
https://i.imgur.com/kgJBfes.jpg",停車場猴子出沒🍌🍌,2020-12-07T08:13:10.488Z,2020-12-07T08:13:10.488Z,5,12,M
234935340,"為了區別推甄實力上的差距，我建議系排前10的可以去推個台科北科中正中興，然後高科什麼的就不要鬧了～
然後系排不好的你們的福利來了，除了高科我還有一個好去處那就是推去咱們中山大學，那裡猴子多你們比較方便找夥伴。至於書審自介就說：在地物種",南台推甄,2020-12-07T07:50:32.349Z,2020-12-07T07:50:32.349Z,21,31,M
234935126,祝  資管 馬鈴薯 生日快樂 不要再臭臉了,馬鈴薯,2020-12-07T07:11:20.929Z,2020-12-07T07:11:20.929Z,5,3,M
234934060,"不好意思 我是C棟三樓的住戶
因為我這邊陽台曬不到太陽
我把我的烏龜拿到另一邊的飲水機旁邊曬
如果有人反應影響到他們的生活
我會拿回來 抱歉
如果沒問題的話讓我曬一下⋯",寓見X陽台X曬烏龜,2020-12-07T03:57:18.222Z,2020-12-07T04:01:44.755Z,12,9,M
234934014,"地點:優活館石磚上
東西幫你放在 優活館裡面的失物招領
https://i.imgur.com/fnn8P38.jpg
https://i.imgur.com/jUF9RYk.jpg",失物招領,2020-12-07T03:48:04.738Z,2020-12-07T03:48:04.738Z,2,3,M
234933884,"車展在昨天已經順利落幕了，各位南臺的同學對於車展的各個方面，不論是組員方面、動線方面、長相方面，有任何的問題都可以在下方留言討論，我們也會保持我們一慣的作風以不變應萬變哦！

留言時請注意您的留言！不要辱罵到人嘍～",第32屆南臺車展,2020-12-07T03:21:36.943Z,2020-12-07T03:21:36.943Z,67,58,M
234933403,"下面有噁指甲照，放個防雷圖
-
https://i.imgur.com/b435fXP.jpg
-
在教室剪指甲，撿了也不拿去垃圾桶丟是三小，超噁好嗎！
還有那些字就不多說了
！！拜託有點公德心跟衛生！！

https://i.imgur.com/IUiq1I6.jpg",失物招領你的指甲,2020-12-07T01:29:16.801Z,2020-12-07T01:29:16.801Z,1,17,F
234932413,請問本校有沒有電子學厲害的老師可推薦 謝謝🙏,電子學老師,2020-12-06T17:07:46.424Z,2020-12-06T17:07:46.424Z,13,3,M
234932190,祝 資管甩手舞王 陳鵬X 生日快樂！ 心想事成,甩手舞王,2020-12-06T16:36:24.271Z,2020-12-06T16:36:24.271Z,3,8,M
234932176,"如題

別人辛苦辦車展，一堆人太無聊，有半夜那邊走的，靠北買不起車看心酸的？

都長那麼大了，有點腦可以嗎？別那麼可憐",怎麼辦個車展各種猴子🐒都跑出來,2020-12-06T16:34:45.153Z,2020-12-06T16:36:39.697Z,2,22,M
234931627,"懂了嗎？找不到位置時這樣停就對了😎
https://i.imgur.com/agCI7sF.jpg",找不到位置怎麼辦,2020-12-06T15:16:48.452Z,2020-12-06T15:16:48.452Z,1,16,M
234928336,"來南台也一段時間了
發現各系之間的素質風氣真的差很多 
有沒有什麼系比較多猴子呢？
還是覺得哪個系素質最好?",有沒有什麼系猴子比較多的八卦?,2020-12-06T04:42:56.619Z,2020-12-06T04:42:56.619Z,27,17,M
234928168,"說真的你真無聊還假無聊?
人家辛辛苦苦辦活動
晚上派個人顧點車子
顧車子的人也是為了活動的安全

相信被攔下來也是你逛校園要往有車子的地方逛才會被攔下來
你覺得發文是你想被罵還是你認為有人會去罵顧車子的人？
https://www.dcard.tw/f/stust/p/234926757",逛校園都能上D卡?,2020-12-06T04:05:39.619Z,2020-12-06T04:05:39.619Z,3,129,M
234927771,如題大概今天早上9點多出門看到的，幫你放在中控室了，又不小心掉的同學記得去認領,三宿中間的門前面掉了200,2020-12-06T01:41:14.970Z,2020-12-06T01:41:14.970Z,0,0,M
234926757,"晚上睡不著
逛個校園被攔下來
原來是預定學生都是罪犯呢🙃
如果排個人在圖書館就能預防犯罪
那警察真好當呢",晚上不能逛校園？,2020-12-05T16:55:01.608Z,2020-12-05T16:55:01.608Z,54,37,M
234926107,今天晚上沒事想說來去試試看後門新開的鹽酥雞店，結果發現意外的好吃，雖然50元鹽酥雞給的有點少就是了~~,後門側邊新開的鹽酥雞店,2020-12-05T15:25:04.726Z,2020-12-05T15:25:04.726Z,3,9,M
234925151,"想問一下有人知道南臺的軍訓課抵免役期要怎麼計算,畢業後還可以向學校申請抵免役期嗎?
今年6月剛畢業,之前沒有向學校申請抵免役期,現在申請還可以嗎?
請問申請抵免役期,本人要親自去學校申請還是要用郵寄申請的方式,可以請學長解答一下嗎?",軍訓課程抵免,2020-12-05T12:54:52.575Z,2020-12-05T12:54:52.575Z,5,3,M
234923247,有人要免費白飯嗎?補字補字補字補字,免費白飯贈送（限住六宿男生）,2020-12-05T05:40:03.700Z,2020-12-05T05:40:51.781Z,10,5,M
234923117,"是在搞不懂欸 憑什麼學校要辦車展把六宿停車場免費給校外人士停犧牲學生繳停車費然後還停不到 有種現在沒停車證的都去鎖起來啊🖕
辦那三小車展 從昨天車就在多 一大早還在那邊吵 然後看那廢車展 看了買不起只能乾瞪眼很爽是不是🤷🏻‍♂️
然後住宿的某些智障們 一直把自己其他學校的朋友帶回來是三小 講不停真的是耳包欸",六宿停車場,2020-12-05T05:01:48.231Z,2020-12-05T05:01:48.231Z,41,38,M
234922682,"今天是約定好的日子，反攻的號角也已經響起，各位工作人員穿上非正式服裝吧！

抱歉昨天打lol打一個忘記po文，不過沒關係我已經準備動身前往戰場了！

副招我要進來了！
https://i.imgur.com/ZFeBdCG.jpg",非正式服裝以上線,2020-12-05T02:57:22.733Z,2020-12-05T02:59:45.891Z,2,12,M
234922451,"這台車的車主
昨天晚上請問你牽車的時候ㄎㄟˊ到我的車了你知道嗎字條也不留一下
那我就不幫你碼車牌了
https://i.imgur.com/J00DBFs.jpg",牽車不會牽嗎,2020-12-05T01:15:11.577Z,2020-12-05T01:15:11.577Z,23,12,M
