234967936,"👉🏻各位吉他社的朋友們注意囉👈🏻
 
🎄我們將於12/17(四)舉辦～～～🌟吉樂聖宴🌟-「成發慶功宴&聖誕趴交換禮物活動」🎄
活動內容會有聖誕交換禮物🎁，交換禮物的價格在100元以上就好 ❗️🥳

🧷地點：披薩工廠(桃園市中壢區中山路363號 2F)
🧷時間：12/17(四) 
          晚上18:00~21:00
🧷價錢：社員每人400$
                 非社員每人450$

🤤當天餐點為義式料理吃到飽🤤
🔸11/26就可以到F104吉他社社窩繳費囉❤️
❗️收費截止至「12/15星期二18:00前」❗️

如果沒有交通工具的同學可以搭乘學校附近的「112北」公車🚌，從「健行科技大學站」搭到「中壢分局站」後下車步行數分鐘後即可到達披薩工廠🥳

❤️🧡💛💚💙💜🖤 

*要參加的同學請在下面網址留下你的:班級 姓名 學號👇🏻
https://forms.gle/V4upbJXd7dQu7EB3A",吉樂盛宴~~木船吉他社,2020-12-12T08:58:24.907Z,2020-12-12T08:58:24.907Z,0,5,F
234960463,"12/30選課
什麼時候會有下學期的課程資訊呢？",1092選課公告,2020-12-11T04:39:46.305Z,2020-12-11T04:39:46.305Z,2,1,M
234959955,想請問各位大哥大姐，操行什麼時候結算，這學期,想請問各位大哥大姐，操行什麼時候結算，這學期,2020-12-11T03:08:08.236Z,2020-12-11T03:08:08.236Z,5,2,M
234958514,"https://www.dcard.tw/v2/vivid/videos/86f612bc-74e1-4e44-b1b6-28a0e29d6b0c?r=2.2222222222222223
我大健行丼朧問健行丼迪在哪。          來一首失控",健行丼朧,2020-12-10T17:23:43.710Z,2020-12-10T17:23:43.710Z,7,4,M
234958134,"不知道有沒有人跟我一樣，畢業後總是會想起健行周邊美食🤤🤤🤤
有時候會為了懷念的味道跑回來回味一下😍

想請問各位帥哥美女們，健行對面DoubleA那排的滷味攤還有開嗎？

一個念舊的老人晚上突然很想吃健行滷味🙈",問DoubleA那排的滷味攤去哪了🙏🙏🙏,2020-12-10T16:28:26.446Z,2020-12-10T16:28:26.446Z,5,5,F
234952710,昨天早上在體育館後面櫃子裡面有一包藥袋有人有看到嗎～是哪位同學拿走的 請趕快放回遺失物謝謝～,藥袋是誰拿走的,2020-12-10T01:55:40.070Z,2020-12-10T01:55:40.070Z,0,2,M
234952649,"A601 你的英文筆記本 沒有帶走
請趕快來拿
https://i.imgur.com/M9ounBe.jpg",你的筆記本忘記拿了,2020-12-10T01:33:39.655Z,2020-12-10T01:34:40.327Z,0,1,M
234951611,"能不能剛好撿個兩個耳機一個充電盒哈哈哈哈
不要認真哈哈
希望掉耳機的能找回你的耳機啦😚",太多人掉AirPods 了吧,2020-12-09T17:21:23.173Z,2020-12-09T17:21:23.173Z,4,5,F
234949043,有人在停車場掉了AirPods嗎？已送到進修部了去領取吧！,停車場的AirPods,2020-12-09T11:02:43.097Z,2020-12-09T11:02:43.097Z,0,0,M
234943660,"https://i.imgur.com/odf6Sxj.jpg
12/08 （二）21:20-21:40 從L棟走到屈臣氏的這段路 
請問有人撿到airpods（如上圖）嗎？裡面只有左耳耳機，如果有撿到，麻煩你還我吧😭⋯⋯",尋找遺失airpods,2020-12-08T13:52:41.829Z,2020-12-08T13:53:15.184Z,0,4,F
234942121,"https://i.imgur.com/sVxmdLu.jpg
我不知道該拿還是不拿 我就讓他躺在這喔",同學你的包...麻煩認領一下,2020-12-08T09:49:07.140Z,2020-12-08T09:49:07.140Z,3,2,F
234939637,每次在摩托車停車場等朋友 然後一大堆人騎車下來 都要拉轉 停車場有什麼好拉的 上次還看到有人拉轉急煞甩尾 快笑死,看沒有,2020-12-08T01:12:07.786Z,2020-12-08T01:12:07.786Z,29,0,M
234936144,"https://www.dcard.tw/v2/vivid/videos/aed24215-705c-4a66-981a-79c9c6106e2f?r=1.7777777777777777
幹有夠丟臉加難聽到底誰有這勇氣",健行井朧 歡迎來嘴,2020-12-07T10:23:02.447Z,2020-12-07T10:23:02.447Z,24,25,M
234927371,我是學分班的，停地下室會用一張停車卡什麼有寫nt1000綠色字的卡，如果有撿到可以還我嗎，拜託你了，一張1000真的很貴，不見還要再花1000,停車卡,2020-12-05T20:25:15.601Z,2020-12-05T20:25:15.601Z,0,1,F
234920117,上課老師可以看到修課學生哪些資料？背景資料如年齡照片？修課資料？還是其他？ 謝謝,上課老師可以看到修課學生哪些資料？,2020-12-04T13:16:25.512Z,2020-12-04T13:16:25.512Z,5,2,M
234919501,"今天下午在地下機車停車場撿到錢
該怎辦 交去教官室還是自收呢",錢錢,2020-12-04T11:23:38.035Z,2020-12-04T11:23:38.035Z,6,1,M
234918064,請禮拜三下午在地下室丟別人外套染頭髮的男生騎重機跟一個戴眼鏡的男生把外套丟哪請趕快自首,丟別人外套的趕快自首已經調監視器畫面了～～～,2020-12-04T06:24:04.056Z,2020-12-04T06:24:04.056Z,4,3,M
234917738,"中正藝術舞蹈學院缺行政人員唷
固定一二四能上班還有六日能輪班的～
時間下午一點至晚上九點
老闆有說不要太活潑 但要很愛小孩子 反應要快～
有興趣的可以留言～
我在給妳聯絡方式 與說明工作內容～☺️❤️",有女生想打工嗎～,2020-12-04T05:16:04.104Z,2020-12-04T05:16:04.104Z,19,3,F
234915488,"想問學校電腦有沒有哪棟哪間有Adobe的ps跟ai
A棟三樓的沒有QQ 有其他開放自由使用的地方有嗎",問 學校電腦 Adobe,2020-12-03T15:51:18.384Z,2020-12-03T15:51:18.384Z,5,0,F
234914253,"https://i.imgur.com/6jcI0pj.jpg
今天（12/3）在軍訓室外地板撿到一隻耳機，送到進修部辦公室了",撿到耳機,2020-12-03T12:50:00.932Z,2020-12-03T12:50:00.932Z,3,5,M
234913423,"請問一下各位學長姐！
我是一年級的學生，本學期要湊滿36小時才不會被當，可是系統有分「校園活動」跟「群己關係與經營活動」，兩邊皆有給時數，請問期末結算時兩邊的時數會合在一起嗎？或者我應該去學校的哪裡詢問呢？
謝謝！！",新生時數問題,2020-12-03T10:14:33.049Z,2020-12-03T10:14:33.049Z,2,4,F
234911080,"大家好我們是四系聯合聖誕趴 《聖水炸誕💣》
https://i.imgur.com/u2z72EE.jpg

想要在聖誕晚會找到一生的摯愛嗎？
想要的話就來參加為你舉辦的晚會
在這個城市裡找到屬於你的平安及幸福！

千萬不要錯過以下資訊！
當天會有精彩的表演🤹‍♀️以及美味的餐點🍴
還有豐富的大獎等你帶回家🎁！

📍活動時間：12/22（二）17:00 ～ 21:00
📍活動地點：商學院七樓
💡報名時間：12/1 (二) - 12/18(五)10:00-16:00
💡報名地點：行政大樓（A)棟一樓大廳
💡報名費用：大一新生有繳 
     應外 財金 數媒 電機系會費者➡️100
     其餘同學➡️150

📌認列時數：4小時

⚠️活動當天記得全程攜帶口罩喔😷！

     名額有限 大家要趕快來報名喔(⁎⁍̴̛ᴗ⁍̴̛⁎)！

✨準備$100-200禮物才有交換&抽獎資格！
✨購票時可以劃位挑選位置唷！
✨有問題歡迎至四系系窩或行政攤位詢問！
✨大一新生買票劃位外還要上sip群己關係與經營     活動系統報名參加才能獲得時數唷！",四系聯合聖誕趴 《聖水炸誕💣》,2020-12-03T02:40:35.296Z,2020-12-03T02:40:35.296Z,35,10,F
234909815,"嘿~大家好~我們是木船吉他社
🎄我們將於12/17(四)舉辦～～～🌟吉樂聖宴🌟-「成發慶功宴&聖誕趴交換禮物活動」🎄
活動內容會有聖誕交換禮物🎁，交換禮物的價格在100元以上就好 ❗️🥳

🧷地點：披薩工廠(桃園市中壢區中山路363號 2F)
🧷時間：12/17(四) 
          晚上18:00~21:00
🧷價錢：社員每人400$
                 非社員每人450$

🤤當天餐點為義式料理吃到飽🤤
🔸11/26就可以到F104吉他社社窩繳費囉❤️
❗️收費截止至「12/11星期 18:00前」❗️

如果沒有交通工具的同學可以搭乘學校附近的「112北」公車🚌，從「健行科技大學站」搭到「中壢分局站」後下車步行數分鐘後即可到達披薩工廠🥳

❤️🧡💛💚💙💜🖤 

*要參加的同學請在下面網址留下你的:班級 姓名 學號👇🏻
https://forms.gle/V4upbJXd7dQu7EB3A",吉樂盛宴~交換禮物~,2020-12-02T17:04:26.506Z,2020-12-03T10:45:15.647Z,1,4,F
234909049,馬的現在都騎車都不用看一下然後在那看啊你是在三小看三小朋友三寶素質不意外,幹下班回來騎進來宿舍然後要進去停車ㄧ台白色機車停很出來啊大家都不用過了？啊然後要進去了停車了有ㄧ個騎車出來都不看帽子打開在那看啊不然你是在看三小？,2020-12-02T15:11:28.983Z,2020-12-02T15:11:28.983Z,5,4,M
234908607,"小弟我禮拜一在在D棟D730忘記把隨身碟帶走
裡面的資料對我來說很重要
想請大家幫個忙
期末作業都在裡面沒備份😭😭
https://i.imgur.com/OWf7Iht.jpg",請問有人有看到圖片上的隨身碟嗎？,2020-12-02T14:12:06.203Z,2020-12-02T14:12:06.203Z,1,4,M
234904936,"你的早餐忘在車上了，在不下來拿我幫你吃掉！
https://i.imgur.com/tfA1lcR.jpg",同學你的早餐,2020-12-02T02:42:08.908Z,2020-12-02T02:42:08.908Z,9,4,F
234901441,請問一下，申請提前畢業有一項是學業成績平均80以上，是指每個學期還是4年下來全部加起來的平均？,進修部提前畢業問題,2020-12-01T10:51:41.367Z,2020-12-01T10:51:41.367Z,8,4,M
234897777,"不好意思想請問各位學長，最近系上突然說要限制畢製的內容主題

但是畢業製作這種東西不是應該完全交予學生自己主導嗎?

請問畢業製作限制內容主題和人數是正常的嗎?",關於畢業製作,2020-11-30T18:09:08.977Z,2020-11-30T18:09:08.977Z,3,1,M
234894283,"想請問各位學長姐們🙏🙏
請假能不貼郵票嗎？",請假,2020-11-30T08:15:06.873Z,2020-11-30T08:15:06.873Z,15,1,M
234893443,"剛停車發現你的車後輪已經平了，記得要去換
雨天會跟溜冰鞋一樣滑
https://i.imgur.com/YlEXmVb.jpg
https://i.imgur.com/enbA8GY.jpg
https://i.imgur.com/NK61IYj.jpg",同學，輪胎記得要換,2020-11-30T05:32:46.853Z,2020-11-30T05:32:46.853Z,12,19,M
234888076,"https://i.imgur.com/rF95Yzz.jpg
怎麼跟網路概論課的某位老師很像🤔",有點眼熟,2020-11-29T06:43:38.378Z,2020-11-29T06:43:38.378Z,0,6,M
234885328,今天去掃墓，土裡埋著他最愛的人。這有掃墓放鞭炮的習俗，噼噼啪啪聲響起後，他突然脫下才買的新西裝蓋在滿是泥土的墳上。朋友不解，問為什麼，他小聲說：噓，別吵，他生前喜歡安靜，我想捂住他的耳朵幫他擋一下鞭炮聲，可我發現，我再也辦不到了。,故事,2020-11-28T15:17:34.298Z,2020-11-28T15:17:34.298Z,2,2,F
234885313,她躺在他懷裡，輕笑，「我愛你。」他拭去她嘴角的鮮血，流著淚搖頭。她握住他的手，「你可不可以答應我，放下刀，放下江湖，然後忘了我。」他的淚打在木枕上，有夢見她了。他望著木屋外搖曳的竹葉，輕喃，「我放下了刀，放下了江湖，可是你在哪裡。」,傷感故事,2020-11-28T15:15:23.115Z,2020-11-28T15:15:23.115Z,2,0,F
234882565,"https://i.imgur.com/IExr52r.jpg

上面是不是你ig？                 
監視器畫面放出來給大家看不就好了順便把寫你ig的揪出來！  
支持告他！！！",可以不要一直檢舉嗎？           請問哪個字侵犯到你？           你越檢舉就會讓大家覺得是你自己寫上去的,2020-11-28T05:27:46.080Z,2020-11-28T05:42:33.332Z,28,9,M
234881460,請問各位男同學都去哪裡剪頭髮呢？尋求便宜又剪的好看的店,剪頭髮,2020-11-27T21:09:00.980Z,2020-11-27T21:09:00.980Z,1,1,M
234879532,"https://i.imgur.com/sD2gamD.jpg

圖書館活動抽的，
有人會想買嗎🤔自己有水壺了
上面還有愛的健行科大❤️",八耐舜子的胖胖杯,2020-11-27T13:53:23.635Z,2020-11-27T13:58:05.554Z,5,7,F
234878360,"健行科大是不是正妹很多？
學長你怎麼單身的！",好扯,2020-11-27T10:22:18.844Z,2020-11-27T10:22:18.844Z,21,6,M
234878334,"請問11月27號下午5點多是那個不道德的學生把不知道是有對過還是沒對過的發票放在我車廂裡，害我生心靈懼怕就像是撿到路上的紅包袋一樣，難道以後大家不要的拉基是不是也可以隨便亂丟在別人車廂呢？
https://i.imgur.com/eYuKcBv.jpg",來路不明的發票,2020-11-27T10:16:53.823Z,2020-11-27T10:16:53.823Z,5,2,M
234878327,請問大家有沒有學校門口的番茄村菜單呀，明天想先電話訂餐，但是沒有菜單😩,學校門口的番茄村菜單,2020-11-27T10:15:29.392Z,2020-11-27T10:15:29.392Z,3,1,F
234878000,"https://i.imgur.com/c7fOiVI.jpg
    誰的手錶忘記拿，手錶我送去生輔組的失物招領處請記得來領。",誰的手錶忘記拿，手錶我送去生輔組的失物招領處請記得來領。,2020-11-27T09:05:31.374Z,2020-11-27T09:05:31.374Z,0,6,M
234877797,"宿舍五樓抽煙的終於被抓了 呵呵
會不會停止 就繼續看下去嘍～",爽😊,2020-11-27T08:25:34.575Z,2020-11-27T08:25:34.575Z,12,2,M
234875936,"要帶什麽資料嘛
我還沒成年可以自已去申請嘛
要帶印章或身份證嘛
家人的要帶嘛",戶籍謄本怎麼去申請,2020-11-27T01:58:02.330Z,2020-11-27T01:58:02.330Z,9,2,F
234874976,請問一下大一下能自己選課嗎因為要通勤 還是大一都是排好的,選課,2020-11-26T17:41:02.916Z,2020-11-26T17:41:02.916Z,5,1,M
234874461,兩本在好同學買的筆記本 一本書寫表面處理的 一本是高分子 另一本是無印良品的筆記本,E504 E506 尋找遺失物品,2020-11-26T16:20:53.042Z,2020-11-26T16:20:53.042Z,0,0,M
234871264,"https://i.imgur.com/TY1O6lG.jpg
https://i.imgur.com/sOCnw6v.jpg
 
現在是怎樣 屁股要停這麼出來  D棟地下室電梯旁",亂停車 駕照🍗換來的？,2020-11-26T08:10:51.085Z,2020-11-26T08:10:51.085Z,16,10,M
234871129,剛剛在廁所拉屎然後有人聊天進來尿尿，我以為他們要說我拉屎很臭，結果在討論怎麼有烤麵包味，還大聲說裡面的有人在吃烤麵包嗎？害我以為要開我門，下次我拉屎你再聞到我請你吃看看，會不會回甘跟我討論一下🤟,討論屎味,2020-11-26T07:46:50.333Z,2020-11-26T07:46:50.333Z,5,4,M
234870304,"https://i.imgur.com/frrLbox.jpg

鑰匙在A522教室第一個座位喔，快來認領😌",嘿！鑰匙，嘿！又一把鑰匙,2020-11-26T05:10:14.563Z,2020-11-26T05:10:14.563Z,1,2,M
234870145,"哈哈在電資學院3樓唱歌的，能點歌嗎？
colorful",電資學院3樓,2020-11-26T04:42:59.623Z,2020-11-26T04:42:59.623Z,9,0,M
234869481,他奶奶等的宿外的路他們整天有猴子🐒改管車衝過去有人的還在睡覺自以爲在補油門吵別人起床很帥嗎？媽的猴子🐒一個,他奶奶等的宿外的路他們整天有猴子🐒改管車衝過去有人的還在睡覺自以爲在補油門吵別人起床很帥嗎？媽的猴子🐒一個,2020-11-26T02:41:45.659Z,2020-11-26T02:41:45.659Z,15,1,M
234869475,"所以可以不要亂停嗎？租來亂停學校外面幹嘛？
還有老師也是蠻屌的啦
紅燈紅線都停下來買咖啡，還是直接違停一整天
學生也很屌500塊停學校都付不起嗎
只會外面違停",Go share,2020-11-26T02:40:32.006Z,2020-11-26T02:40:32.006Z,10,4,M
234866126,圖書館電影光碟能借嗎？能借回家嗎？ 有限期限嗎？,圖書館能借電影光碟嗎？,2020-11-25T12:47:05.297Z,2020-11-25T12:47:05.297Z,6,2,M
234863419,"哪位同學把眼鏡丟在操場上的啊 已交給生輔組 請假
不要謝謝我！
https://i.imgur.com/HRO6y66.jpg
https://i.imgur.com/1c5qC5T.jpg",失物招領,2020-11-25T04:59:00.427Z,2020-11-25T05:02:06.533Z,0,8,M
234859355,有人知道今天中午機車停車場發生什麼事嗎 有救護車,停車場 救護車,2020-11-24T12:15:52.241Z,2020-11-24T12:15:52.241Z,20,12,M
234859136,不是我在說啊，就走上去校門口吸煙區抽煙有這麼難嗎？在停車場抽比較爽？,地下停車場,2020-11-24T11:36:10.479Z,2020-11-24T11:36:10.479Z,5,0,M
234857830,拜託少部分的猴子從宿舍停車場出來的時候減速看一下，他媽每次出來都用衝的，以為只有你要出來都沒人要進去？？？,宿舍機車猴,2020-11-24T08:00:45.494Z,2020-11-24T08:00:45.494Z,25,16,M
234857797,下下次的職涯講座是陳漢典？？？剛剛在電梯裡聽到有人說 。有人知道嗎,問,2020-11-24T07:54:09.990Z,2020-11-24T07:54:09.990Z,12,0,F
234857468,"一年一度的東北季風的季節又到了啊
你各位啊
自己的衣物小心一點啊
聖誕節快到了
我們宿舍的樹這幾天多了好多從天而降的聖誕禮物
你各位自己小心顧好自己的衣服啊",住宿舍的你各位啊,2020-11-24T06:54:13.766Z,2020-11-24T06:54:13.766Z,0,1,M
234854186,有人知道今天中午全家發生什麼事嗎那麼多教官來關心,學校全家,2020-11-23T15:31:08.973Z,2020-11-23T15:31:08.973Z,15,3,M
234853152,"為什麼輸球要道歉
為什麼當一個教練當的這麼卑微
為什麼二連敗後球迷變得那麼沒品，你們是爪迷嗎，學學統一獅隊林岳平總教練說的，只是輸掉比賽，又不是輸掉人生，中信兄弟的球員六連亞之後一個一個發文道歉，請問健行科大是二連霸的球隊，在那邊跟人道歉什麼？
https://i.imgur.com/2Vxla5h.jpg
健行哈林！加油孟竹兄

請問 LINE 叫俞X的 怎麼樣叫放尊重一點
叫 楊X婷的 請問你有什麼本事，誰跑步不會跑，跟他挑一場不就好了
叫 Y. SHeng的用疑問句問答 有何問題
叫 SXXP的 你講話很好聽？可以講給大家聽嗎
叫 誠的 問一個還要再道歉一次嗎 就叫鍵盤高手？ 話中話難道看不懂？
涂X汝 我覺得他說 還要再道歉嗎 就是想過後不懂 才提出的 有問題嗎
社大-會說話傑哥 大哥好啊 怎麼了他在群組留言錯了嗎 錯了就要踢出群組？為何不是你出去呢，到底在自以為什麼啊",輸球 道歉？,2020-11-23T13:02:59.773Z,2020-11-24T14:14:45.250Z,18,26,M
234852953,"想問學校的微學分課程，
是否會跟菁英學程衝堂？",冒昧請教,2020-11-23T12:31:35.061Z,2020-11-23T12:31:35.061Z,4,0,M
234851093,"聽說材料科學，
全班考試都不到一半及格？
咦😕花時間來上課，
不如在家跟女友上床，
雖然我描述有點粗俗（抱歉，
還沒繳稅就入不敷出。",材料系？,2020-11-23T06:39:15.509Z,2020-11-23T06:39:15.509Z,6,2,M
234849777,每天都在地下室當猴子，吵啥小自以為自己改車改的很好看啊,電機大樓猴子,2020-11-23T02:08:51.092Z,2020-11-23T02:08:51.092Z,61,5,M
234844843,"去年有一個聖誕交換禮物的活動
今年沒有辦嗎？？",#問 聖誕交換禮物,2020-11-22T06:02:41.527Z,2020-11-22T06:02:41.527Z,5,5,M
234843711,"想請問
12/23號的接幹儀式一定要穿著西裝嗎？
或是只要是正式服裝就可以？
如果只能穿著西裝的話，有限定顏色嗎？
還請大神們幫忙了謝謝！！",社團接幹儀式服裝,2020-11-21T22:07:25.999Z,2020-11-21T22:08:15.309Z,6,4,F
234836890,請問各位大家，育成中心在哪裡有誰知道嗎?求解一下拜託,詢問教室,2020-11-20T15:55:13.378Z,2020-11-20T15:55:13.378Z,8,1,M
234834770,"有人有看到藍黑色隨身碟嗎🥺
在學校裡或學校附近遺失的 有的話通知我一下 也可以放失物招領 感恩🥰",有人撿到隨身碟嗎？,2020-11-20T09:51:19.074Z,2020-11-20T09:51:19.074Z,4,5,F
234834152,"我們班導跟我們說這個一定要參加 不參加不能畢業？
但是我不小心耍笨 把跟家人的事排在11/21了也是最後一場 沒辦法拿其他場來補
想請問學長姊或是參加過的同學們
我最晚可能只能待到11.就得走了
這個可以提早走嗎
提早走會不會被發現？
感謝🥺

https://i.imgur.com/EfGcGCO.jpg",請問關於志願服務訓練課程🥺,2020-11-20T07:51:25.022Z,2020-11-20T08:27:45.596Z,19,4,M
234833497,"https://i.imgur.com/O3RwBl7.jpg
每次都被他的燈帥到
有人認識他嗎",這車主太帥了吧gt 125,2020-11-20T05:53:30.670Z,2020-11-20T05:53:30.670Z,11,12,M
234833477,"大家安安
是這樣的啦
剛剛小弟我在宿舍享受沒課的好時光
結果突然聞到一股味道
樓上又抽菸了
神奇的是
那個味道跟大叔的口臭味有87%像
有沒有 為什麼抽菸的人會喜歡這種大叔味的八卦啊？
年紀輕輕的 學50幾歲的大叔幹嘛🤣🤣🤣",大叔的口臭味,2020-11-20T05:49:21.530Z,2020-11-20T05:49:44.052Z,1,9,M
234833337,"https://i.imgur.com/a7MONIe.jpg
請問這個ÜČH帽T 哪裡可以買呀....！？
好想要 多少錢 招生處買嗎ت
在線求解▼・ᴥ・▼",求解,2020-11-20T05:20:13.939Z,2020-11-20T05:20:13.939Z,12,12,M
234831831,"想問一下最近大家都在拍畢業照
一定要拍嗎？
畢竟我沒有要買畢業紀念冊～
還是不買也要拍？很好奇！",畢業照,2020-11-19T19:50:10.952Z,2020-11-19T19:50:10.952Z,7,3,F
234831697,"半夜不睡覺躲在床上尻槍
尻一尻不過癮還下床開燈看電腦
亮的要命
都不用顧及一下室友，都不用睡覺了是不是啊",室友,2020-11-19T18:44:43.187Z,2020-11-19T18:44:43.187Z,10,7,M
234830276,"https://i.imgur.com/pNi9ACS.jpg
https://i.imgur.com/sKCLq4L.jpg
https://i.imgur.com/fadm135.jpg
https://i.imgur.com/G3UU183.jpg
如題  鑰匙掉在地板上 放在D-3 失主請自行領取",誰的鑰匙不見了？,2020-11-19T14:49:53.298Z,2020-11-19T14:49:53.298Z,2,2,F
234830242,"在地下室騎車不能乖一點嗎？
別以為自己改個傳動、破管就優越感爆棚，
常常看到地下室亂騎車或破速克達拉轉很大聲，
真的以為改個破管就可以海放重車？
改個破管在地下室拉轉只是在引人注目而已，
只能跟你們說：不帥、很蠢、很醜
改管我沒意見，但不要故意吵別人不知道？
右手不能控制？煞車不會按？
不知道要看車禮讓直行車？還是你們是猴子🐒？
下面影片是今天的優越感爆棚小王子
車牌就不碼，直接公佈：NBE-0780
https://www.dcard.tw/v2/vivid/videos/a1cfbaa7-b95b-4ca5-b508-3adc3c987e0c?r=0.5625",猴子🐒？,2020-11-19T14:45:17.416Z,2020-11-19T16:30:43.484Z,23,36,M
234828293,"如標題有人撿到kymco 的摩托車鑰匙嗎？
要趕去上班啊🤦‍♂️😭 上面有圖片中的吊飾
https://i.imgur.com/T1F6JVJ.jpg",急！！！！車鑰匙,2020-11-19T09:18:30.746Z,2020-11-19T09:27:18.948Z,25,4,M
234825438,"室友整晚打呼是要怎麼睡啦！
而且還會共鳴...
會使人耳朵會嗡嗡嗡
順便問一下有誰的室友也是會打呼的？
可以至一樓找教官
教官目前還差一個名額",吵屁吵,2020-11-18T19:28:44.170Z,2020-11-18T19:33:03.100Z,10,5,M
234824985,請問健行附近哪裡有桌遊店有電動麻將桌（無煙）麻煩知道的分享一下🙏,請問健行附近哪裡有桌遊店有電動麻將桌（無煙）麻煩知道的分享一下🙏,2020-11-18T17:22:17.703Z,2020-11-18T17:22:17.703Z,6,2,M
234824621,附近哪裡有好喝的酒吧？🤔但 拜託拜託拜託不要五月巷❤️想去到更遙遠更遼闊的地方！,酒吧,2020-11-18T16:26:19.766Z,2020-11-18T16:26:19.766Z,9,6,M
234822457,請問有人知道清寒獎助學金什麼時候發放嗎,請問有人知道清寒獎助學金什麼時候發放嗎？,2020-11-18T11:05:03.891Z,2020-11-18T11:05:03.891Z,8,1,F
234822371,"時間：今天晚上6點半左右
地點：A棟教官室旁男廁最裡面那個小便斗地上
不知道有多少人漏尿在地上，我還是好心幫你拿去教官室了，如果學生證主人或認識的有看到麻煩提醒他一下 
https://i.imgur.com/A7sb3gX.jpg",學生證,2020-11-18T10:49:14.847Z,2020-11-18T10:49:14.847Z,3,6,M
234822051,"真的不用這麼多欸😎😎
已經上大學了起碼也有18了吧😅😅
幾歲了還會性騷擾別人🙄🙄
在別人後面講一堆讓人不舒服的話 還故意講那麼大聲😢😢
家裡沒大人是不是 沒家教ㄉ一群臭猴子🐒🐒
zzzzzzzzzzzzzzz
https://i.imgur.com/OX8xOpf.jpg",健行白癡真的不用這麼多,2020-11-18T09:55:13.050Z,2020-11-18T09:55:13.050Z,18,18,F
234821819,"https://i.imgur.com/1akQuPQ.jpg

他媽的到底誰那麼沒品，睡在外面有夠沒品？都不會注意別人眼光很丟臉知道嗎？",丟臉,2020-11-18T09:19:32.019Z,2020-11-18T09:19:32.019Z,49,33,M
234821200,"現主時 麻將三缺一
地點：中原 
快來快來",現主時 三缺一,2020-11-18T07:24:06.662Z,2020-11-18T07:24:06.662Z,2,1,M
234814989,有人要固定約下午5點在體育館打羽毛球嗎！,找球友,2020-11-17T08:22:08.805Z,2020-11-17T08:22:08.805Z,22,2,M
234813936,"請問一下
我要找體育組的網頁
可是我找不到
不知道它是哪個單位的？
請幫我找找
謝謝🙇‍♀️🙇‍♀️🙇‍♀️",學校網頁,2020-11-17T05:09:31.068Z,2020-11-17T05:09:52.872Z,6,2,F
234811227,"想問問各位有修日文課的各位大大有沒有這本日文課本呢？
https://i.imgur.com/DCinWml.jpg
有的話想收購啊😭
原本有買結果搞丟了
但都期中了重買一本又好浪費
只需課本就好，就算有寫東西的也沒關係",買課本,2020-11-16T15:32:53.280Z,2020-11-16T15:32:53.280Z,3,2,F
234801577,"請問二技假日班新生上學期可以申請（校外）獎學金嗎？
*原住民*

以及有申請校外住宿費跟書籍費
什麼時候才會入帳呢？

謝謝。",獎學金,2020-11-15T05:37:39.809Z,2020-11-15T05:37:39.809Z,2,7,F
234800976,請問各位同學都是用什麼交友軟體呢？,交友軟體,2020-11-15T03:00:45.136Z,2020-11-15T03:00:45.136Z,19,5,M
234800735,有人有去過嗎好不好玩？本人沒有去過想問看看意見,夜遊,2020-11-15T01:27:01.541Z,2020-11-15T01:27:01.541Z,6,0,M
234796987,有沒有學長姐要賣國際情勢的課本嗎？,收課本,2020-11-14T08:41:57.110Z,2020-11-14T08:41:57.110Z,10,0,F
234796755,請問一下你們的新生獎學金是多少錢啊，是不是每個人都不一樣,新生獎學金,2020-11-14T07:48:21.604Z,2020-11-14T07:48:21.604Z,16,0,M
234790448,"https://i.imgur.com/wnMjh3o.jpg
為什麼全家的熱狗有的很長😂
拿長的價錢是一樣嗎",全家熱狗,2020-11-13T05:11:20.247Z,2020-11-13T05:11:20.247Z,11,17,F
234787520,"夜校沒有歡樂班嗎？


嗨 大家好 我是夜校生 目前大二
因特殊原因 小弟每一年 至 一年半都會降轉
健行已經是我 第三間學校了
目前轉入第一學期
因為目前科系 上課無聊 同學無趣
不想浪費太多時間  決定轉系 
有夜校生 推薦哪個科系比較有趣 比較少89嗎
感謝～～～



小弟並非 矮醜胖 也不是肥宅
算不上 高富帥 但自認還是挺妥的",夜校沒有歡樂班嗎？,2020-11-12T14:51:39.642Z,2020-11-12T14:51:39.642Z,27,6,M
234787098,"https://i.imgur.com/oA38rON.jpg

冰鮮奶茶廣受歡迎👍👍👍👍
就是明天😍😍😍😍😍
11/13周五🕗 08:00-🕐13:00 
一起來民生學院🏤（L棟 ）
喝杯咖啡或鮮奶茶☕☕☕ 
🐶🐶🐶還能給浪浪一份愛！🐶🐶🐶
。
即使價錢便宜 用料絕不馬虎 還不快來支持😋😋
阿薩姆紅茶葉/六甲田莊高品質鮮奶/100%精選阿拉比卡咖啡豆",咖啡社義賣 快來做公益 鮮奶茶推推👍👍,2020-11-12T13:52:33.011Z,2020-11-12T13:52:33.011Z,1,4,M
234784966,"樂社☀️「2021冬令營」活動開跑囉🏃‍♀️
趕快把握機會一起來參與🔥

想要有個不一樣的大學生活嗎？
想要有一段難忘的回憶嗎？
快來一起參加營隊加入我們吧😁
跟著樂社在長假一起前往偏鄉小學服務👻

營隊說明會：10/28(三)12:10-13:00
在行政大樓 A307 教室
歡迎對營隊充滿好奇的你們
前往聆聽了解❤️

營隊日期：02/02(二)-02/04(四)

火速點擊報名表加入我們🤟
https://forms.gle/3ipcaEEx8eaAEV3b8

☀️報名於11/15(日)23:59截止
☀️錄取名單於11/23前公布",今年寒假，你我童樂,2020-11-12T07:58:01.389Z,2020-11-12T07:58:01.389Z,2,8,M
234781417,"宿舍五樓的拜託不要抽煙可以嗎==
真的臭",真臭,2020-11-11T15:42:17.108Z,2020-11-11T15:42:17.108Z,25,4,M
234778501,"愛唱歌的人慾望是不是都特別強？

以下純屬個人觀點～～～～

—————————————————————

在生物學上，某些動物需要交配繁衍後代都會用一些方式去求偶，在這個基準點上，人也是一種動物，生物學上也有不少動物用歌聲來吸引異性，那麼喜歡唱歌的人是不是潛意識也在做一個求偶的舉動？或許愛唱歌的人其實慾望很強呢？

想知道統計結果也可以在下面留言，集滿一百人會再做公布～～ 

如有觸犯版規會立馬刪文

https://forms.gle/qc1AFuq1KR5o1Mtp7",問卷調查,2020-11-11T07:42:21.605Z,2020-11-11T07:42:21.605Z,10,4,M
234778388,"同學 妳的內衣掉在宿舍停車場了哦
.
.
.
.
.
.
.
.
.
.

https://i.imgur.com/1AQPg1v.jpg",誰的內衣掉了,2020-11-11T07:22:44.056Z,2020-11-11T07:22:44.056Z,11,15,F
234777429,"半夜睡到一半電扇突然炸裂，快嚇死==，有其他房遇過這情況嗎？
https://i.imgur.com/vkewZfl.jpg",這樣跟我說沒事？,2020-11-11T04:12:29.627Z,2020-11-11T04:13:23.750Z,12,6,M
234777152,"騎大重的各位交流交流啊
看到騎MT09跟TMAX的帥哥交流一下啊
小弟牽了XMAX",地下室大重,2020-11-11T03:16:27.356Z,2020-11-11T03:16:27.356Z,22,5,M
